2017-08-15 12:53:49.411126,3005.0
2017-08-16 12:53:49.411126,3034.54307657144
2017-08-17 12:53:49.411126,3064.0824570458244
2017-08-18 12:53:49.411126,3093.6144458827175
2017-08-19 12:53:49.411126,3123.135348654836
2017-08-20 12:53:49.411126,3152.6414726044172
2017-08-21 12:53:49.411126,3182.129127199335
2017-08-22 12:53:49.411126,3211.59462468888
2017-08-23 12:53:49.411126,3241.034280659121
2017-08-24 12:53:49.411126,3270.444414587766
2017-08-25 12:53:49.411126,3299.8213503984325
2017-08-26 12:53:49.411126,3329.1614170142525
2017-08-27 12:53:49.411126,3358.4609489107233
2017-08-28 12:53:49.411126,3387.7162866677227
2017-08-29 12:53:49.411126,3416.9237775206025
2017-08-30 12:53:49.411126,3446.079775910282
2017-08-31 12:53:49.411126,3475.1806440322566
2017-09-01 12:53:49.411126,3504.222752384437
2017-09-02 12:53:49.411126,3533.2024803137397
2017-09-03 12:53:49.411126,3562.1162165613423
2017-09-04 12:53:49.411126,3590.960359806528
2017-09-05 12:53:49.411126,3619.731319209029
2017-09-06 12:53:49.411126,3648.4255149497967
2017-09-07 12:53:49.411126,3677.039378770106
2017-09-08 12:53:49.411126,3705.569354508925
2017-09-09 12:53:49.411126,3734.011898638456
2017-09-10 12:53:49.411126,3762.3634807977833
2017-09-11 12:53:49.411126,3790.620584324526
2017-09-12 12:53:49.411126,3818.7797067844404
2017-09-13 12:53:49.411126,3846.837360498869
2017-09-14 12:53:49.411126,3874.790073069976
2017-09-15 12:53:49.411126,3902.634387903675
2017-09-16 12:53:49.411126,3930.3668647301797
2017-09-17 12:53:49.411126,3957.984080122096
2017-09-18 12:53:49.411126,3985.4826280099796
2017-09-19 12:53:49.411126,4012.859120195274
2017-09-20 12:53:49.411126,4040.110186860564
2017-09-21 12:53:49.411126,4067.2324770770556
2017-09-22 12:53:49.411126,4094.222659309213
2017-09-23 12:53:49.411126,4121.07742191648
2017-09-24 12:53:49.411126,4147.793473651996
2017-09-25 12:53:49.411126,4174.367544158245
2017-09-26 12:53:49.411126,4200.796384459568
2017-09-27 12:53:49.411126,4227.076767451435
2017-09-28 12:53:49.411126,4253.205488386443
2017-09-29 12:53:49.411126,4279.179365356938
2017-09-30 12:53:49.411126,4304.9952397741945
2017-10-01 12:53:49.411126,4330.649976844093
2017-10-02 12:53:49.411126,4356.1404660392045
2017-10-03 12:53:49.411126,4381.463621567226
2017-10-04 12:53:49.411126,4406.616382835691
2017-10-05 12:53:49.411126,4431.595714912878
2017-10-06 12:53:49.411126,4456.398608984867
2017-10-07 12:53:49.411126,4481.022082808651
2017-10-08 12:53:49.411126,4505.4631811612535
2017-10-09 12:53:49.411126,4529.718976284773
2017-10-10 12:53:49.411126,4553.786568327291
2017-10-11 12:53:49.411126,4577.663085779583
2017-10-12 12:53:49.411126,4601.345685907554
2017-10-13 12:53:49.411126,4624.8315551803435
2017-10-14 12:53:49.411126,4648.117909694037
2017-10-15 12:53:49.411126,4671.201995590906
2017-10-16 12:53:49.411126,4694.0810894741335
2017-10-17 12:53:49.411126,4716.752498817946
2017-10-18 12:53:49.411126,4739.213562373095
2017-10-19 12:53:49.411126,4761.461650567637
2017-10-20 12:53:49.411126,4783.494165902934
2017-10-21 12:53:49.411126,4805.308543344825
2017-10-22 12:53:49.411126,4826.902250709918
2017-10-23 12:53:49.411126,4848.272789046919
2017-10-24 12:53:49.411126,4869.417693012969
2017-10-25 12:53:49.411126,4890.334531244918
2017-10-26 12:53:49.411126,4911.020906725474
2017-10-27 12:53:49.411126,4931.474457144189
2017-10-28 12:53:49.411126,4951.692855253213
2017-10-29 12:53:49.411126,4971.673809217767
2017-10-30 12:53:49.411126,4991.41506296129
2017-10-31 12:53:49.411126,5010.91439650519
2017-11-01 12:53:49.411126,5030.169626303167
2017-11-02 12:53:49.411126,5049.17860557005
2017-11-03 12:53:49.411126,5067.93922460509
2017-11-04 12:53:49.411126,5086.449411109676
2017-11-05 12:53:49.411126,5104.707130499414
2017-11-06 12:53:49.411126,5122.7103862105305
2017-11-07 12:53:49.411126,5140.457220000544
2017-11-08 12:53:49.411126,5157.945712243173
2017-11-09 12:53:49.411126,5175.173982217422
2017-11-10 12:53:49.411126,5192.140188390813
2017-11-11 12:53:49.411126,5208.84252869671
2017-11-12 12:53:49.411126,5225.279240805708
2017-11-13 12:53:49.411126,5241.44860239103
2017-11-14 12:53:49.411126,5257.348931387907
2017-11-15 12:53:49.411126,5272.978586246887
2017-11-16 12:53:49.411126,5288.335966181045
2017-11-17 12:53:49.411126,5303.419511407062
2017-11-18 12:53:49.411126,5318.227703380116
2017-11-19 12:53:49.411126,5332.759065022574
2017-11-20 12:53:49.411126,5347.012160946431
2017-11-21 12:53:49.411126,5360.985597669478
2017-11-22 12:53:49.411126,5374.67802382515
2017-11-23 12:53:49.411126,5388.088130366042
2017-11-24 12:53:49.411126,5401.214650761042
2017-11-25 12:53:49.411126,5414.056361186073
2017-11-26 12:53:49.411126,5426.612080708388
2017-11-27 12:53:49.411126,5438.880671464418
2017-11-28 12:53:49.411126,5450.861038831132
2017-11-29 12:53:49.411126,5462.55213159088
2017-11-30 12:53:49.411126,5473.952942089704
2017-12-01 12:53:49.411126,5485.0625063890875
2017-12-02 12:53:49.411126,5495.87990441112
2017-12-03 12:53:49.411126,5506.404260077057
2017-12-04 12:53:49.411126,5516.634741439255
2017-12-05 12:53:49.411126,5526.570560806461
2017-12-06 12:53:49.411126,5536.2109748624325
2017-12-07 12:53:49.411126,5545.555284777883
2017-12-08 12:53:49.411126,5554.602836315717
2017-12-09 12:53:49.411126,5563.353019929562
2017-12-10 12:53:49.411126,5571.80527085556
2017-12-11 12:53:49.411126,5579.95906919742
2017-12-12 12:53:49.411126,5587.813940004712
2017-12-13 12:53:49.411126,5595.369453344394
2017-12-14 12:53:49.411126,5602.625224365556
2017-12-15 12:53:49.411126,5609.58091335738
2017-12-16 12:53:49.411126,5616.236225800299
2017-12-17 12:53:49.411126,5622.590912410345
2017-12-18 12:53:49.411126,5628.644769176699
2017-12-19 12:53:49.411126,5634.397637392409
2017-12-20 12:53:49.411126,5639.849403678289
2017-12-21 12:53:49.411126,5645.0
2017-12-22 12:53:49.411126,5649.849403678289
2017-12-23 12:53:49.411126,5654.397637392409
2017-12-24 12:53:49.411126,5658.644769176699
2017-12-25 12:53:49.411126,5662.590912410345
2017-12-26 12:53:49.411126,5666.236225800299
2017-12-27 12:53:49.411126,5669.58091335738
2017-12-28 12:53:49.411126,5672.625224365556
2017-12-29 12:53:49.411126,5675.369453344394
2017-12-30 12:53:49.411126,5677.813940004712
2017-12-31 12:53:49.411126,5679.95906919742
2018-01-01 12:53:49.411126,5681.80527085556
2018-01-02 12:53:49.411126,5683.353019929562
2018-01-03 12:53:49.411126,5684.602836315717
2018-01-04 12:53:49.411126,5685.555284777883
2018-01-05 12:53:49.411126,5686.2109748624325
2018-01-06 12:53:49.411126,5686.570560806461
2018-01-07 12:53:49.411126,5686.634741439255
2018-01-08 12:53:49.411126,5686.404260077057
2018-01-09 12:53:49.411126,5685.87990441112
2018-01-10 12:53:49.411126,5685.0625063890875
2018-01-11 12:53:49.411126,5683.952942089704
2018-01-12 12:53:49.411126,5682.55213159088
2018-01-13 12:53:49.411126,5680.861038831132
2018-01-14 12:53:49.411126,5678.880671464418
2018-01-15 12:53:49.411126,5676.612080708388
2018-01-16 12:53:49.411126,5674.056361186073
2018-01-17 12:53:49.411126,5671.214650761043
2018-01-18 12:53:49.411126,5668.088130366042
2018-01-19 12:53:49.411126,5664.67802382515
2018-01-20 12:53:49.411126,5660.985597669478
2018-01-21 12:53:49.411126,5657.012160946431
2018-01-22 12:53:49.411126,5652.759065022574
2018-01-23 12:53:49.411126,5648.227703380116
2018-01-24 12:53:49.411126,5643.419511407062
2018-01-25 12:53:49.411126,5638.335966181045
2018-01-26 12:53:49.411126,5632.978586246887
2018-01-27 12:53:49.411126,5627.348931387908
2018-01-28 12:53:49.411126,5621.44860239103
2018-01-29 12:53:49.411126,5615.279240805708
2018-01-30 12:53:49.411126,5608.84252869671
2018-01-31 12:53:49.411126,5602.140188390813
2018-02-01 12:53:49.411126,5595.173982217423
2018-02-02 12:53:49.411126,5587.945712243174
2018-02-03 12:53:49.411126,5580.457220000544
2018-02-04 12:53:49.411126,5572.7103862105305
2018-02-05 12:53:49.411126,5564.707130499414
2018-02-06 12:53:49.411126,5556.4494111096765
2018-02-07 12:53:49.411126,5547.939224605091
2018-02-08 12:53:49.411126,5539.17860557005
2018-02-09 12:53:49.411126,5530.169626303167
2018-02-10 12:53:49.411126,5520.91439650519
2018-02-11 12:53:49.411126,5511.41506296129
2018-02-12 12:53:49.411126,5501.6738092177675
2018-02-13 12:53:49.411126,5491.692855253213
2018-02-14 12:53:49.411126,5481.47445714419
2018-02-15 12:53:49.411126,5471.020906725475
2018-02-16 12:53:49.411126,5460.334531244918
2018-02-17 12:53:49.411126,5449.41769301297
2018-02-18 12:53:49.411126,5438.272789046919
2018-02-19 12:53:49.411126,5426.902250709918
2018-02-20 12:53:49.411126,5415.308543344826
2018-02-21 12:53:49.411126,5403.494165902934
2018-02-22 12:53:49.411126,5391.461650567638
2018-02-23 12:53:49.411126,5379.213562373096
2018-02-24 12:53:49.411126,5366.752498817946
2018-02-25 12:53:49.411126,5354.081089474134
2018-02-26 12:53:49.411126,5341.201995590906
2018-02-27 12:53:49.411126,5328.117909694037
2018-02-28 12:53:49.411126,5314.831555180344
2018-03-01 12:53:49.411126,5301.345685907553
2018-03-02 12:53:49.411126,5287.663085779583
2018-03-03 12:53:49.411126,5273.786568327291
2018-03-04 12:53:49.411126,5259.718976284773
2018-03-05 12:53:49.411126,5245.463181161254
2018-03-06 12:53:49.411126,5231.022082808651
2018-03-07 12:53:49.411126,5216.398608984867
2018-03-08 12:53:49.411126,5201.595714912878
2018-03-09 12:53:49.411126,5186.616382835691
2018-03-10 12:53:49.411126,5171.463621567227
2018-03-11 12:53:49.411126,5156.1404660392045
2018-03-12 12:53:49.411126,5140.649976844093
2018-03-13 12:53:49.411126,5124.9952397741945
2018-03-14 12:53:49.411126,5109.179365356938
2018-03-15 12:53:49.411126,5093.205488386444
2018-03-16 12:53:49.411126,5077.076767451435
2018-03-17 12:53:49.411126,5060.796384459569
2018-03-18 12:53:49.411126,5044.367544158245
2018-03-19 12:53:49.411126,5027.793473651996
2018-03-20 12:53:49.411126,5011.0774219164805
2018-03-21 12:53:49.411126,4994.222659309214
2018-03-22 12:53:49.411126,4977.232477077056
2018-03-23 12:53:49.411126,4960.110186860564
2018-03-24 12:53:49.411126,4942.859120195274
2018-03-25 12:53:49.411126,4925.48262800998
2018-03-26 12:53:49.411126,4907.984080122096
2018-03-27 12:53:49.411126,4890.36686473018
2018-03-28 12:53:49.411126,4872.634387903676
2018-03-29 12:53:49.411126,4854.790073069977
2018-03-30 12:53:49.411126,4836.83736049887
2018-03-31 12:53:49.411126,4818.77970678444
2018-04-01 12:53:49.411126,4800.620584324526
2018-04-02 12:53:49.411126,4782.363480797783
2018-04-03 12:53:49.411126,4764.011898638456
2018-04-04 12:53:49.411126,4745.569354508925
2018-04-05 12:53:49.411126,4727.039378770107
2018-04-06 12:53:49.411126,4708.425514949797
2018-04-07 12:53:49.411126,4689.73131920903
2018-04-08 12:53:49.411126,4670.960359806528
2018-04-09 12:53:49.411126,4652.116216561342
2018-04-10 12:53:49.411126,4633.20248031374
2018-04-11 12:53:49.411126,4614.222752384438
2018-04-12 12:53:49.411126,4595.180644032257
2018-04-13 12:53:49.411126,4576.079775910282
2018-04-14 12:53:49.411126,4556.923777520602
2018-04-15 12:53:49.411126,4537.716286667723
2018-04-16 12:53:49.411126,4518.460948910724
2018-04-17 12:53:49.411126,4499.161417014253
2018-04-18 12:53:49.411126,4479.8213503984325
2018-04-19 12:53:49.411126,4460.444414587766
2018-04-20 12:53:49.411126,4441.034280659122
2018-04-21 12:53:49.411126,4421.59462468888
2018-04-22 12:53:49.411126,4402.129127199336
2018-04-23 12:53:49.411126,4382.641472604417
2018-04-24 12:53:49.411126,4363.135348654836
2018-04-25 12:53:49.411126,4343.6144458827175
2018-04-26 12:53:49.411126,4324.082457045824
2018-04-27 12:53:49.411126,4304.54307657144
2018-04-28 12:53:49.411126,4285.0
2018-04-29 12:53:49.411126,4265.456923428561
2018-04-30 12:53:49.411126,4245.917542954176
2018-05-01 12:53:49.411126,4226.385554117283
2018-05-02 12:53:49.411126,4206.864651345164
2018-05-03 12:53:49.411126,4187.358527395583
2018-05-04 12:53:49.411126,4167.870872800665
2018-05-05 12:53:49.411126,4148.40537531112
2018-05-06 12:53:49.411126,4128.965719340878
2018-05-07 12:53:49.411126,4109.555585412234
2018-05-08 12:53:49.411126,4090.178649601568
2018-05-09 12:53:49.411126,4070.838582985748
2018-05-10 12:53:49.411126,4051.5390510892767
2018-05-11 12:53:49.411126,4032.2837133322773
2018-05-12 12:53:49.411126,4013.076222479398
2018-05-13 12:53:49.411126,3993.9202240897184
2018-05-14 12:53:49.411126,3974.8193559677434
2018-05-15 12:53:49.411126,3955.777247615563
2018-05-16 12:53:49.411126,3936.7975196862603
2018-05-17 12:53:49.411126,3917.8837834386577
2018-05-18 12:53:49.411126,3899.039640193472
2018-05-19 12:53:49.411126,3880.2686807909713
2018-05-20 12:53:49.411126,3861.5744850502033
2018-05-21 12:53:49.411126,3842.960621229894
2018-05-22 12:53:49.411126,3824.4306454910757
2018-05-23 12:53:49.411126,3805.9881013615445
2018-05-24 12:53:49.411126,3787.6365192022176
2018-05-25 12:53:49.411126,3769.379415675474
2018-05-26 12:53:49.411126,3751.2202932155596
2018-05-27 12:53:49.411126,3733.162639501131
2018-05-28 12:53:49.411126,3715.209926930024
2018-05-29 12:53:49.411126,3697.365612096325
2018-05-30 12:53:49.411126,3679.6331352698207
2018-05-31 12:53:49.411126,3662.0159198779043
2018-06-01 12:53:49.411126,3644.5173719900204
2018-06-02 12:53:49.411126,3627.140879804726
2018-06-03 12:53:49.411126,3609.8898131394362
2018-06-04 12:53:49.411126,3592.7675229229453
2018-06-05 12:53:49.411126,3575.777340690787
2018-06-06 12:53:49.411126,3558.92257808352
2018-06-07 12:53:49.411126,3542.2065263480044
2018-06-08 12:53:49.411126,3525.6324558417546
2018-06-09 12:53:49.411126,3509.203615540432
2018-06-10 12:53:49.411126,3492.923232548565
2018-06-11 12:53:49.411126,3476.794511613557
2018-06-12 12:53:49.411126,3460.8206346430625
2018-06-13 12:53:49.411126,3445.0047602258064
2018-06-14 12:53:49.411126,3429.350023155908
2018-06-15 12:53:49.411126,3413.8595339607964
2018-06-16 12:53:49.411126,3398.5363784327737
2018-06-17 12:53:49.411126,3383.3836171643093
2018-06-18 12:53:49.411126,3368.404285087122
2018-06-19 12:53:49.411126,3353.6013910151332
2018-06-20 12:53:49.411126,3338.977917191349
2018-06-21 12:53:49.411126,3324.5368188387465
2018-06-22 12:53:49.411126,3310.2810237152275
2018-06-23 12:53:49.411126,3296.2134316727097
2018-06-24 12:53:49.411126,3282.3369142204174
2018-06-25 12:53:49.411126,3268.654314092447
2018-06-26 12:53:49.411126,3255.1684448196565
2018-06-27 12:53:49.411126,3241.882090305963
2018-06-28 12:53:49.411126,3228.7980044090937
2018-06-29 12:53:49.411126,3215.9189105258665
2018-06-30 12:53:49.411126,3203.2475011820543
2018-07-01 12:53:49.411126,3190.7864376269054
2018-07-02 12:53:49.411126,3178.5383494323632
2018-07-03 12:53:49.411126,3166.5058340970663
2018-07-04 12:53:49.411126,3154.691456655175
2018-07-05 12:53:49.411126,3143.0977492900824
2018-07-06 12:53:49.411126,3131.7272109530822
2018-07-07 12:53:49.411126,3120.5823069870316
2018-07-08 12:53:49.411126,3109.665468755082
2018-07-09 12:53:49.411126,3098.9790932745263
2018-07-10 12:53:49.411126,3088.525542855811
2018-07-11 12:53:49.411126,3078.3071447467883
2018-07-12 12:53:49.411126,3068.3261907822334
2018-07-13 12:53:49.411126,3058.58493703871
2018-07-14 12:53:49.411126,3049.0856034948106
2018-07-15 12:53:49.411126,3039.830373696833
2018-07-16 12:53:49.411126,3030.8213944299496
2018-07-17 12:53:49.411126,3022.06077539491
2018-07-18 12:53:49.411126,3013.5505888903244
2018-07-19 12:53:49.411126,3005.2928695005858
2018-07-20 12:53:49.411126,2997.2896137894704
2018-07-21 12:53:49.411126,2989.542779999456
2018-07-22 12:53:49.411126,2982.054287756827
2018-07-23 12:53:49.411126,2974.8260177825773
2018-07-24 12:53:49.411126,2967.8598116091866
2018-07-25 12:53:49.411126,2961.15747130329
2018-07-26 12:53:49.411126,2954.720759194292
2018-07-27 12:53:49.411126,2948.5513976089696
2018-07-28 12:53:49.411126,2942.6510686120923
2018-07-29 12:53:49.411126,2937.021413753114
2018-07-30 12:53:49.411126,2931.6640338189554
2018-07-31 12:53:49.411126,2926.580488592939
2018-08-01 12:53:49.411126,2921.7722966198844
2018-08-02 12:53:49.411126,2917.240934977427
2018-08-03 12:53:49.411126,2912.987839053569
2018-08-04 12:53:49.411126,2909.014402330522
2018-08-05 12:53:49.411126,2905.3219761748505
2018-08-06 12:53:49.411126,2901.9118696339583
2018-08-07 12:53:49.411126,2898.7853492389577
2018-08-08 12:53:49.411126,2895.9436388139266
2018-08-09 12:53:49.411126,2893.3879192916124
2018-08-10 12:53:49.411126,2891.119328535582
2018-08-11 12:53:49.411126,2889.1389611688687
2018-08-12 12:53:49.411126,2887.44786840912
2018-08-13 12:53:49.411126,2886.0470579102957
2018-08-14 12:53:49.411126,2884.937493610912
2018-08-15 12:53:49.411126,2884.12009558888
2018-08-16 12:53:49.411126,2883.595739922943
2018-08-17 12:53:49.411126,2883.3652585607447
2018-08-18 12:53:49.411126,2883.429439193539
2018-08-19 12:53:49.411126,2883.7890251375675
2018-08-20 12:53:49.411126,2884.444715222118
2018-08-21 12:53:49.411126,2885.3971636842834
2018-08-22 12:53:49.411126,2886.646980070438
2018-08-23 12:53:49.411126,2888.1947291444403
2018-08-24 12:53:49.411126,2890.04093080258
2018-08-25 12:53:49.411126,2892.186059995288
2018-08-26 12:53:49.411126,2894.630546655606
2018-08-27 12:53:49.411126,2897.3747756344437
2018-08-28 12:53:49.411126,2900.4190866426197
2018-08-29 12:53:49.411126,2903.7637741997014
2018-08-30 12:53:49.411126,2907.4090875896554
2018-08-31 12:53:49.411126,2911.355230823301
2018-09-01 12:53:49.411126,2915.602362607591
2018-09-02 12:53:49.411126,2920.150596321711
2018-09-03 12:53:49.411126,2925.0
2018-09-04 12:53:49.411126,2930.150596321711
2018-09-05 12:53:49.411126,2935.602362607591
2018-09-06 12:53:49.411126,2941.355230823301
2018-09-07 12:53:49.411126,2947.4090875896554
2018-09-08 12:53:49.411126,2953.7637741997014
2018-09-09 12:53:49.411126,2960.4190866426197
2018-09-10 12:53:49.411126,2967.3747756344437
2018-09-11 12:53:49.411126,2974.630546655606
2018-09-12 12:53:49.411126,2982.186059995288
2018-09-13 12:53:49.411126,2990.04093080258
2018-09-14 12:53:49.411126,2998.1947291444403
2018-09-15 12:53:49.411126,3006.646980070438
2018-09-16 12:53:49.411126,3015.3971636842834
2018-09-17 12:53:49.411126,3024.4447152221173
2018-09-18 12:53:49.411126,3033.7890251375675
2018-09-19 12:53:49.411126,3043.429439193539
2018-09-20 12:53:49.411126,3053.365258560744
2018-09-21 12:53:49.411126,3063.595739922943
2018-09-22 12:53:49.411126,3074.1200955888794
2018-09-23 12:53:49.411126,3084.937493610912
2018-09-24 12:53:49.411126,3096.0470579102957
2018-09-25 12:53:49.411126,3107.44786840912
2018-09-26 12:53:49.411126,3119.1389611688683
2018-09-27 12:53:49.411126,3131.119328535582
2018-09-28 12:53:49.411126,3143.3879192916124
2018-09-29 12:53:49.411126,3155.9436388139266
2018-09-30 12:53:49.411126,3168.7853492389577
2018-10-01 12:53:49.411126,3181.9118696339583
2018-10-02 12:53:49.411126,3195.32197617485
2018-10-03 12:53:49.411126,3209.014402330522
2018-10-04 12:53:49.411126,3222.9878390535687
2018-10-05 12:53:49.411126,3237.240934977427
2018-10-06 12:53:49.411126,3251.7722966198844
2018-10-07 12:53:49.411126,3266.5804885929388
2018-10-08 12:53:49.411126,3281.664033818955
2018-10-09 12:53:49.411126,3297.0214137531134
2018-10-10 12:53:49.411126,3312.651068612092
2018-10-11 12:53:49.411126,3328.5513976089696
2018-10-12 12:53:49.411126,3344.7207591942915
2018-10-13 12:53:49.411126,3361.1574713032896
2018-10-14 12:53:49.411126,3377.859811609186
2018-10-15 12:53:49.411126,3394.826017782577
2018-10-16 12:53:49.411126,3412.054287756827
2018-10-17 12:53:49.411126,3429.5427799994554
2018-10-18 12:53:49.411126,3447.2896137894695
2018-10-19 12:53:49.411126,3465.2928695005853
2018-10-20 12:53:49.411126,3483.550588890324
2018-10-21 12:53:49.411126,3502.060775394909
2018-10-22 12:53:49.411126,3520.8213944299496
2018-10-23 12:53:49.411126,3539.830373696832
2018-10-24 12:53:49.411126,3559.08560349481
2018-10-25 12:53:49.411126,3578.5849370387095
2018-10-26 12:53:49.411126,3598.3261907822325
2018-10-27 12:53:49.411126,3618.307144746788
2018-10-28 12:53:49.411126,3638.5255428558103
2018-10-29 12:53:49.411126,3658.9790932745263
2018-10-30 12:53:49.411126,3679.6654687550817
2018-10-31 12:53:49.411126,3700.582306987031
2018-11-01 12:53:49.411126,3721.7272109530804
2018-11-02 12:53:49.411126,3743.0977492900815
2018-11-03 12:53:49.411126,3764.6914566551736
2018-11-04 12:53:49.411126,3786.505834097066
2018-11-05 12:53:49.411126,3808.538349432362
2018-11-06 12:53:49.411126,3830.7864376269044
2018-11-07 12:53:49.411126,3853.2475011820543
2018-11-08 12:53:49.411126,3875.9189105258656
2018-11-09 12:53:49.411126,3898.7980044090937
2018-11-10 12:53:49.411126,3921.8820903059627
2018-11-11 12:53:49.411126,3945.1684448196565
2018-11-12 12:53:49.411126,3968.654314092446
2018-11-13 12:53:49.411126,3992.336914220417
2018-11-14 12:53:49.411126,4016.213431672708
2018-11-15 12:53:49.411126,4040.281023715227
2018-11-16 12:53:49.411126,4064.536818838745
2018-11-17 12:53:49.411126,4088.9779171913488
2018-11-18 12:53:49.411126,4113.601391015133
2018-11-19 12:53:49.411126,4138.404285087122
2018-11-20 12:53:49.411126,4163.38361716431
2018-11-21 12:53:49.411126,4188.536378432773
2018-11-22 12:53:49.411126,4213.8595339607955
2018-11-23 12:53:49.411126,4239.3500231559065
2018-11-24 12:53:49.411126,4265.0047602258055
2018-11-25 12:53:49.411126,4290.820634643062
2018-11-26 12:53:49.411126,4316.794511613556
2018-11-27 12:53:49.411126,4342.923232548564
2018-11-28 12:53:49.411126,4369.203615540431
2018-11-29 12:53:49.411126,4395.632455841755
2018-11-30 12:53:49.411126,4422.206526348004
2018-12-01 12:53:49.411126,4448.92257808352
2018-12-02 12:53:49.411126,4475.777340690785
2018-12-03 12:53:49.411126,4502.767522922944
2018-12-04 12:53:49.411126,4529.889813139434
2018-12-05 12:53:49.411126,4557.140879804725
2018-12-06 12:53:49.411126,4584.5173719900195
2018-12-07 12:53:49.411126,4612.015919877904
2018-12-08 12:53:49.411126,4639.63313526982
2018-12-09 12:53:49.411126,4667.365612096324
2018-12-10 12:53:49.411126,4695.209926930024
2018-12-11 12:53:49.411126,4723.16263950113
2018-12-12 12:53:49.411126,4751.22029321556
2018-12-13 12:53:49.411126,4779.379415675474
2018-12-14 12:53:49.411126,4807.636519202217
2018-12-15 12:53:49.411126,4835.988101361543
2018-12-16 12:53:49.411126,4864.430645491075
2018-12-17 12:53:49.411126,4892.960621229893
2018-12-18 12:53:49.411126,4921.574485050203
2018-12-19 12:53:49.411126,4950.268680790971
2018-12-20 12:53:49.411126,4979.039640193472
2018-12-21 12:53:49.411126,5007.883783438658
2018-12-22 12:53:49.411126,5036.79751968626
2018-12-23 12:53:49.411126,5065.777247615562
2018-12-24 12:53:49.411126,5094.819355967742
2018-12-25 12:53:49.411126,5123.9202240897175
2018-12-26 12:53:49.411126,5153.076222479396
2018-12-27 12:53:49.411126,5182.283713332277
2018-12-28 12:53:49.411126,5211.539051089276
2018-12-29 12:53:49.411126,5240.838582985747
2018-12-30 12:53:49.411126,5270.178649601568
2018-12-31 12:53:49.411126,5299.555585412233
2019-01-01 12:53:49.411126,5328.965719340878
2019-01-02 12:53:49.411126,5358.405375311119
2019-01-03 12:53:49.411126,5387.870872800665
2019-01-04 12:53:49.411126,5417.358527395581
2019-01-05 12:53:49.411126,5446.864651345164
2019-01-06 12:53:49.411126,5476.385554117282
2019-01-07 12:53:49.411126,5505.917542954176
2019-01-08 12:53:49.411126,5535.456923428559
2019-01-09 12:53:49.411126,5565.0
2019-01-10 12:53:49.411126,5594.54307657144
2019-01-11 12:53:49.411126,5624.082457045824
2019-01-12 12:53:49.411126,5653.614445882718
2019-01-13 12:53:49.411126,5683.135348654835
2019-01-14 12:53:49.411126,5712.641472604417
2019-01-15 12:53:49.411126,5742.129127199334
2019-01-16 12:53:49.411126,5771.59462468888
2019-01-17 12:53:49.411126,5801.03428065912
2019-01-18 12:53:49.411126,5830.444414587766
2019-01-19 12:53:49.411126,5859.821350398432
2019-01-20 12:53:49.411126,5889.161417014252
2019-01-21 12:53:49.411126,5918.460948910724
2019-01-22 12:53:49.411126,5947.716286667723
2019-01-23 12:53:49.411126,5976.923777520602
2019-01-24 12:53:49.411126,6006.079775910281
2019-01-25 12:53:49.411126,6035.180644032256
2019-01-26 12:53:49.411126,6064.222752384436
2019-01-27 12:53:49.411126,6093.202480313739
2019-01-28 12:53:49.411126,6122.1162165613405
2019-01-29 12:53:49.411126,6150.960359806528
2019-01-30 12:53:49.411126,6179.731319209028
2019-01-31 12:53:49.411126,6208.425514949797
2019-02-01 12:53:49.411126,6237.039378770107
2019-02-02 12:53:49.411126,6265.569354508924
2019-02-03 12:53:49.411126,6294.011898638457
2019-02-04 12:53:49.411126,6322.363480797782
2019-02-05 12:53:49.411126,6350.620584324526
2019-02-06 12:53:49.411126,6378.7797067844385
2019-02-07 12:53:49.411126,6406.837360498868
2019-02-08 12:53:49.411126,6434.790073069975
2019-02-09 12:53:49.411126,6462.634387903675
2019-02-10 12:53:49.411126,6490.36686473018
2019-02-11 12:53:49.411126,6517.984080122096
2019-02-12 12:53:49.411126,6545.4826280099805
2019-02-13 12:53:49.411126,6572.859120195273
2019-02-14 12:53:49.411126,6600.110186860564
2019-02-15 12:53:49.411126,6627.232477077055
2019-02-16 12:53:49.411126,6654.222659309213
2019-02-17 12:53:49.411126,6681.07742191648
2019-02-18 12:53:49.411126,6707.793473651995
2019-02-19 12:53:49.411126,6734.3675441582445
2019-02-20 12:53:49.411126,6760.796384459568
2019-02-21 12:53:49.411126,6787.076767451435
2019-02-22 12:53:49.411126,6813.205488386443
2019-02-23 12:53:49.411126,6839.179365356938
2019-02-24 12:53:49.411126,6864.995239774194
2019-02-25 12:53:49.411126,6890.649976844093
2019-02-26 12:53:49.411126,6916.140466039204
2019-02-27 12:53:49.411126,6941.463621567226
2019-02-28 12:53:49.411126,6966.616382835689
2019-03-01 12:53:49.411126,6991.595714912877
2019-03-02 12:53:49.411126,7016.398608984866
2019-03-03 12:53:49.411126,7041.02208280865
2019-03-04 12:53:49.411126,7065.463181161254
2019-03-05 12:53:49.411126,7089.718976284772
2019-03-06 12:53:49.411126,7113.786568327291
2019-03-07 12:53:49.411126,7137.663085779583
2019-03-08 12:53:49.411126,7161.345685907554
2019-03-09 12:53:49.411126,7184.831555180343
2019-03-10 12:53:49.411126,7208.117909694037
2019-03-11 12:53:49.411126,7231.201995590905
2019-03-12 12:53:49.411126,7254.0810894741335
2019-03-13 12:53:49.411126,7276.752498817945
2019-03-14 12:53:49.411126,7299.213562373095
2019-03-15 12:53:49.411126,7321.461650567638
2019-03-16 12:53:49.411126,7343.494165902934
2019-03-17 12:53:49.411126,7365.308543344826
2019-03-18 12:53:49.411126,7386.902250709918
2019-03-19 12:53:49.411126,7408.272789046919
2019-03-20 12:53:49.411126,7429.417693012969
2019-03-21 12:53:49.411126,7450.334531244918
2019-03-22 12:53:49.411126,7471.020906725473
2019-03-23 12:53:49.411126,7491.474457144189
2019-03-24 12:53:49.411126,7511.692855253212
2019-03-25 12:53:49.411126,7531.673809217767
2019-03-26 12:53:49.411126,7551.41506296129
2019-03-27 12:53:49.411126,7570.914396505189
2019-03-28 12:53:49.411126,7590.169626303167
2019-03-29 12:53:49.411126,7609.17860557005
2019-03-30 12:53:49.411126,7627.93922460509
2019-03-31 12:53:49.411126,7646.449411109676
2019-04-01 12:53:49.411126,7664.707130499414
2019-04-02 12:53:49.411126,7682.71038621053
2019-04-03 12:53:49.411126,7700.457220000544
2019-04-04 12:53:49.411126,7717.945712243172
2019-04-05 12:53:49.411126,7735.173982217422
2019-04-06 12:53:49.411126,7752.140188390813
2019-04-07 12:53:49.411126,7768.842528696709
2019-04-08 12:53:49.411126,7785.279240805708
2019-04-09 12:53:49.411126,7801.44860239103
2019-04-10 12:53:49.411126,7817.348931387907
2019-04-11 12:53:49.411126,7832.978586246886
2019-04-12 12:53:49.411126,7848.335966181045
2019-04-13 12:53:49.411126,7863.419511407061
2019-04-14 12:53:49.411126,7878.227703380116
2019-04-15 12:53:49.411126,7892.759065022573
2019-04-16 12:53:49.411126,7907.012160946431
2019-04-17 12:53:49.411126,7920.985597669478
2019-04-18 12:53:49.411126,7934.6780238251495
2019-04-19 12:53:49.411126,7948.088130366042
2019-04-20 12:53:49.411126,7961.214650761042
2019-04-21 12:53:49.411126,7974.056361186073
2019-04-22 12:53:49.411126,7986.612080708387
2019-04-23 12:53:49.411126,7998.880671464418
2019-04-24 12:53:49.411126,8010.861038831131
2019-04-25 12:53:49.411126,8022.552131590879
2019-04-26 12:53:49.411126,8033.952942089704
2019-04-27 12:53:49.411126,8045.0625063890875
2019-04-28 12:53:49.411126,8055.87990441112
2019-04-29 12:53:49.411126,8066.404260077057
2019-04-30 12:53:49.411126,8076.634741439255
2019-05-01 12:53:49.411126,8086.570560806461
2019-05-02 12:53:49.411126,8096.2109748624325
2019-05-03 12:53:49.411126,8105.555284777882
2019-05-04 12:53:49.411126,8114.602836315717
2019-05-05 12:53:49.411126,8123.353019929562
2019-05-06 12:53:49.411126,8131.80527085556
2019-05-07 12:53:49.411126,8139.95906919742
2019-05-08 12:53:49.411126,8147.813940004712
2019-05-09 12:53:49.411126,8155.369453344394
2019-05-10 12:53:49.411126,8162.625224365556
2019-05-11 12:53:49.411126,8169.58091335738
2019-05-12 12:53:49.411126,8176.236225800299
2019-05-13 12:53:49.411126,8182.590912410345
2019-05-14 12:53:49.411126,8188.644769176699
2019-05-15 12:53:49.411126,8194.397637392409
2019-05-16 12:53:49.411126,8199.849403678289
2019-05-17 12:53:49.411126,8205.0
2019-05-18 12:53:49.411126,8209.849403678289
2019-05-19 12:53:49.411126,8214.397637392409
2019-05-20 12:53:49.411126,8218.644769176699
2019-05-21 12:53:49.411126,8222.590912410345
2019-05-22 12:53:49.411126,8226.236225800298
2019-05-23 12:53:49.411126,8229.58091335738
2019-05-24 12:53:49.411126,8232.625224365556
2019-05-25 12:53:49.411126,8235.369453344394
2019-05-26 12:53:49.411126,8237.813940004711
2019-05-27 12:53:49.411126,8239.959069197419
2019-05-28 12:53:49.411126,8241.80527085556
2019-05-29 12:53:49.411126,8243.353019929562
2019-05-30 12:53:49.411126,8244.602836315717
2019-05-31 12:53:49.411126,8245.555284777882
2019-06-01 12:53:49.411126,8246.210974862432
2019-06-02 12:53:49.411126,8246.570560806462
2019-06-03 12:53:49.411126,8246.634741439255
2019-06-04 12:53:49.411126,8246.404260077057
2019-06-05 12:53:49.411126,8245.87990441112
2019-06-06 12:53:49.411126,8245.062506389088
2019-06-07 12:53:49.411126,8243.952942089705
2019-06-08 12:53:49.411126,8242.55213159088
2019-06-09 12:53:49.411126,8240.861038831132
2019-06-10 12:53:49.411126,8238.880671464418
2019-06-11 12:53:49.411126,8236.612080708388
2019-06-12 12:53:49.411126,8234.056361186074
2019-06-13 12:53:49.411126,8231.214650761043
2019-06-14 12:53:49.411126,8228.088130366043
2019-06-15 12:53:49.411126,8224.67802382515
2019-06-16 12:53:49.411126,8220.985597669478
2019-06-17 12:53:49.411126,8217.012160946433
2019-06-18 12:53:49.411126,8212.759065022574
2019-06-19 12:53:49.411126,8208.227703380115
2019-06-20 12:53:49.411126,8203.419511407063
2019-06-21 12:53:49.411126,8198.335966181045
2019-06-22 12:53:49.411126,8192.978586246887
2019-06-23 12:53:49.411126,8187.348931387908
2019-06-24 12:53:49.411126,8181.448602391031
2019-06-25 12:53:49.411126,8175.279240805708
2019-06-26 12:53:49.411126,8168.84252869671
2019-06-27 12:53:49.411126,8162.140188390814
2019-06-28 12:53:49.411126,8155.173982217424
2019-06-29 12:53:49.411126,8147.945712243173
2019-06-30 12:53:49.411126,8140.457220000544
2019-07-01 12:53:49.411126,8132.710386210531
2019-07-02 12:53:49.411126,8124.707130499413
2019-07-03 12:53:49.411126,8116.4494111096765
2019-07-04 12:53:49.411126,8107.939224605091
2019-07-05 12:53:49.411126,8099.178605570052
2019-07-06 12:53:49.411126,8090.169626303167
2019-07-07 12:53:49.411126,8080.91439650519
2019-07-08 12:53:49.411126,8071.4150629612905
2019-07-09 12:53:49.411126,8061.673809217768
2019-07-10 12:53:49.411126,8051.692855253213
2019-07-11 12:53:49.411126,8041.47445714419
2019-07-12 12:53:49.411126,8031.020906725475
2019-07-13 12:53:49.411126,8020.334531244917
2019-07-14 12:53:49.411126,8009.417693012969
2019-07-15 12:53:49.411126,7998.27278904692
2019-07-16 12:53:49.411126,7986.90225070992
2019-07-17 12:53:49.411126,7975.308543344825
2019-07-18 12:53:49.411126,7963.494165902934
2019-07-19 12:53:49.411126,7951.461650567639
2019-07-20 12:53:49.411126,7939.2135623730965
2019-07-21 12:53:49.411126,7926.752498817946
2019-07-22 12:53:49.411126,7914.081089474134
2019-07-23 12:53:49.411126,7901.201995590907
2019-07-24 12:53:49.411126,7888.117909694036
2019-07-25 12:53:49.411126,7874.8315551803435
2019-07-26 12:53:49.411126,7861.345685907554
2019-07-27 12:53:49.411126,7847.663085779584
2019-07-28 12:53:49.411126,7833.78656832729
2019-07-29 12:53:49.411126,7819.718976284773
2019-07-30 12:53:49.411126,7805.463181161254
2019-07-31 12:53:49.411126,7791.02208280865
2019-08-01 12:53:49.411126,7776.398608984867
2019-08-02 12:53:49.411126,7761.595714912878
2019-08-03 12:53:49.411126,7746.616382835692
2019-08-04 12:53:49.411126,7731.463621567225
2019-08-05 12:53:49.411126,7716.1404660392045
2019-08-06 12:53:49.411126,7700.6499768440935
2019-08-07 12:53:49.411126,7684.995239774196
2019-08-08 12:53:49.411126,7669.1793653569375
2019-08-09 12:53:49.411126,7653.205488386444
2019-08-10 12:53:49.411126,7637.076767451436
2019-08-11 12:53:49.411126,7620.796384459567
2019-08-12 12:53:49.411126,7604.367544158245
2019-08-13 12:53:49.411126,7587.7934736519965
2019-08-14 12:53:49.411126,7571.077421916481
2019-08-15 12:53:49.411126,7554.222659309213
2019-08-16 12:53:49.411126,7537.232477077056
2019-08-17 12:53:49.411126,7520.110186860566
2019-08-18 12:53:49.411126,7502.859120195277
2019-08-19 12:53:49.411126,7485.48262800998
2019-08-20 12:53:49.411126,7467.984080122097
2019-08-21 12:53:49.411126,7450.366864730181
2019-08-22 12:53:49.411126,7432.634387903674
2019-08-23 12:53:49.411126,7414.790073069977
2019-08-24 12:53:49.411126,7396.83736049887
2019-08-25 12:53:49.411126,7378.779706784442
2019-08-26 12:53:49.411126,7360.620584324525
2019-08-27 12:53:49.411126,7342.363480797783
2019-08-28 12:53:49.411126,7324.011898638457
2019-08-29 12:53:49.411126,7305.569354508927
2019-08-30 12:53:49.411126,7287.039378770106
2019-08-31 12:53:49.411126,7268.425514949798
2019-09-01 12:53:49.411126,7249.731319209031
2019-09-02 12:53:49.411126,7230.960359806527
2019-09-03 12:53:49.411126,7212.116216561342
2019-09-04 12:53:49.411126,7193.202480313741
2019-09-05 12:53:49.411126,7174.222752384439
2019-09-06 12:53:49.411126,7155.180644032256
2019-09-07 12:53:49.411126,7136.0797759102825
2019-09-08 12:53:49.411126,7116.923777520604
2019-09-09 12:53:49.411126,7097.716286667725
2019-09-10 12:53:49.411126,7078.460948910723
2019-09-11 12:53:49.411126,7059.161417014253
2019-09-12 12:53:49.411126,7039.821350398433
2019-09-13 12:53:49.411126,7020.444414587765
2019-09-14 12:53:49.411126,7001.034280659122
2019-09-15 12:53:49.411126,6981.594624688881
2019-09-16 12:53:49.411126,6962.129127199337
2019-09-17 12:53:49.411126,6942.641472604417
2019-09-18 12:53:49.411126,6923.135348654836
2019-09-19 12:53:49.411126,6903.614445882718
2019-09-20 12:53:49.411126,6884.082457045827
2019-09-21 12:53:49.411126,6864.543076571439
2019-09-22 12:53:49.411126,6845.000000000001
2019-09-23 12:53:49.411126,6825.456923428562
2019-09-24 12:53:49.411126,6805.917542954175
2019-09-25 12:53:49.411126,6786.3855541172825
2019-09-26 12:53:49.411126,6766.864651345165
2019-09-27 12:53:49.411126,6747.358527395585
2019-09-28 12:53:49.411126,6727.870872800664
2019-09-29 12:53:49.411126,6708.40537531112
2019-09-30 12:53:49.411126,6688.96571934088
2019-10-01 12:53:49.411126,6669.555585412236
2019-10-02 12:53:49.411126,6650.1786496015675
2019-10-03 12:53:49.411126,6630.838582985749
2019-10-04 12:53:49.411126,6611.5390510892785
2019-10-05 12:53:49.411126,6592.283713332276
2019-10-06 12:53:49.411126,6573.076222479398
2019-10-07 12:53:49.411126,6553.920224089719
2019-10-08 12:53:49.411126,6534.819355967746
2019-10-09 12:53:49.411126,6515.777247615562
2019-10-10 12:53:49.411126,6496.797519686261
2019-10-11 12:53:49.411126,6477.8837834386595
2019-10-12 12:53:49.411126,6459.039640193474
2019-10-13 12:53:49.411126,6440.26868079097
2019-10-14 12:53:49.411126,6421.574485050204
2019-10-15 12:53:49.411126,6402.960621229895
2019-10-16 12:53:49.411126,6384.430645491075
2019-10-17 12:53:49.411126,6365.988101361544
2019-10-18 12:53:49.411126,6347.636519202219
2019-10-19 12:53:49.411126,6329.379415675476
2019-10-20 12:53:49.411126,6311.22029321556
2019-10-21 12:53:49.411126,6293.162639501132
2019-10-22 12:53:49.411126,6275.209926930025
2019-10-23 12:53:49.411126,6257.365612096328
2019-10-24 12:53:49.411126,6239.63313526982
2019-10-25 12:53:49.411126,6222.015919877905
2019-10-26 12:53:49.411126,6204.517371990022
2019-10-27 12:53:49.411126,6187.140879804725
2019-10-28 12:53:49.411126,6169.889813139436
2019-10-29 12:53:49.411126,6152.767522922946
2019-10-30 12:53:49.411126,6135.777340690789
2019-10-31 12:53:49.411126,6118.9225780835195
2019-11-01 12:53:49.411126,6102.206526348005
2019-11-02 12:53:49.411126,6085.632455841756
2019-11-03 12:53:49.411126,6069.203615540434
2019-11-04 12:53:49.411126,6052.923232548565
2019-11-05 12:53:49.411126,6036.794511613557
2019-11-06 12:53:49.411126,6020.820634643063
2019-11-07 12:53:49.411126,6005.004760225805
2019-11-08 12:53:49.411126,5989.350023155907
2019-11-09 12:53:49.411126,5973.859533960796
2019-11-10 12:53:49.411126,5958.536378432776
2019-11-11 12:53:49.411126,5943.383617164309
2019-11-12 12:53:49.411126,5928.404285087123
2019-11-13 12:53:49.411126,5913.601391015134
2019-11-14 12:53:49.411126,5898.977917191351
2019-11-15 12:53:49.411126,5884.536818838746
2019-11-16 12:53:49.411126,5870.281023715228
2019-11-17 12:53:49.411126,5856.213431672711
2019-11-18 12:53:49.411126,5842.3369142204165
2019-11-19 12:53:49.411126,5828.654314092447
2019-11-20 12:53:49.411126,5815.168444819657
2019-11-21 12:53:49.411126,5801.882090305965
2019-11-22 12:53:49.411126,5788.798004409094
2019-11-23 12:53:49.411126,5775.9189105258665
2019-11-24 12:53:49.411126,5763.247501182055
2019-11-25 12:53:49.411126,5750.786437626904
2019-11-26 12:53:49.411126,5738.538349432363
2019-11-27 12:53:49.411126,5726.505834097066
2019-11-28 12:53:49.411126,5714.691456655176
2019-11-29 12:53:49.411126,5703.097749290081
2019-11-30 12:53:49.411126,5691.727210953081
2019-12-01 12:53:49.411126,5680.582306987031
2019-12-02 12:53:49.411126,5669.665468755084
2019-12-03 12:53:49.411126,5658.979093274525
2019-12-04 12:53:49.411126,5648.525542855811
2019-12-05 12:53:49.411126,5638.307144746788
2019-12-06 12:53:49.411126,5628.3261907822325
2019-12-07 12:53:49.411126,5618.58493703871
2019-12-08 12:53:49.411126,5609.085603494811
2019-12-09 12:53:49.411126,5599.830373696834
2019-12-10 12:53:49.411126,5590.82139442995
2019-12-11 12:53:49.411126,5582.06077539491
2019-12-12 12:53:49.411126,5573.550588890324
2019-12-13 12:53:49.411126,5565.292869500587
2019-12-14 12:53:49.411126,5557.2896137894695
2019-12-15 12:53:49.411126,5549.542779999456
2019-12-16 12:53:49.411126,5542.054287756828
2019-12-17 12:53:49.411126,5534.826017782577
2019-12-18 12:53:49.411126,5527.859811609187
2019-12-19 12:53:49.411126,5521.157471303291
2019-12-20 12:53:49.411126,5514.720759194293
2019-12-21 12:53:49.411126,5508.55139760897
2019-12-22 12:53:49.411126,5502.651068612093
2019-12-23 12:53:49.411126,5497.021413753114
2019-12-24 12:53:49.411126,5491.664033818956
2019-12-25 12:53:49.411126,5486.580488592938
2019-12-26 12:53:49.411126,5481.772296619885
2019-12-27 12:53:49.411126,5477.240934977427
2019-12-28 12:53:49.411126,5472.987839053569
2019-12-29 12:53:49.411126,5469.014402330522
2019-12-30 12:53:49.411126,5465.3219761748505
2019-12-31 12:53:49.411126,5461.911869633959
2020-01-01 12:53:49.411126,5458.785349238957
2020-01-02 12:53:49.411126,5455.943638813927
2020-01-03 12:53:49.411126,5453.387919291613
2020-01-04 12:53:49.411126,5451.119328535583
2020-01-05 12:53:49.411126,5449.138961168868
2020-01-06 12:53:49.411126,5447.447868409121
2020-01-07 12:53:49.411126,5446.047057910297
2020-01-08 12:53:49.411126,5444.937493610912
2020-01-09 12:53:49.411126,5444.12009558888
2020-01-10 12:53:49.411126,5443.595739922943
2020-01-11 12:53:49.411126,5443.365258560745
2020-01-12 12:53:49.411126,5443.429439193539
2020-01-13 12:53:49.411126,5443.7890251375675
2020-01-14 12:53:49.411126,5444.444715222118
2020-01-15 12:53:49.411126,5445.397163684283
2020-01-16 12:53:49.411126,5446.646980070438
2020-01-17 12:53:49.411126,5448.19472914444
2020-01-18 12:53:49.411126,5450.04093080258
2020-01-19 12:53:49.411126,5452.186059995288
2020-01-20 12:53:49.411126,5454.630546655606
2020-01-21 12:53:49.411126,5457.374775634444
2020-01-22 12:53:49.411126,5460.41908664262
2020-01-23 12:53:49.411126,5463.763774199701
2020-01-24 12:53:49.411126,5467.409087589655
2020-01-25 12:53:49.411126,5471.355230823301
2020-01-26 12:53:49.411126,5475.602362607591
2020-01-27 12:53:49.411126,5480.150596321711
2020-01-28 12:53:49.411126,5485.0
2020-01-29 12:53:49.411126,5490.150596321711
2020-01-30 12:53:49.411126,5495.602362607591
2020-01-31 12:53:49.411126,5501.355230823301
2020-02-01 12:53:49.411126,5507.409087589655
2020-02-02 12:53:49.411126,5513.763774199701
2020-02-03 12:53:49.411126,5520.41908664262
2020-02-04 12:53:49.411126,5527.374775634444
2020-02-05 12:53:49.411126,5534.630546655606
2020-02-06 12:53:49.411126,5542.186059995288
2020-02-07 12:53:49.411126,5550.04093080258
2020-02-08 12:53:49.411126,5558.194729144439
2020-02-09 12:53:49.411126,5566.646980070438
2020-02-10 12:53:49.411126,5575.397163684283
2020-02-11 12:53:49.411126,5584.444715222117
2020-02-12 12:53:49.411126,5593.7890251375675
2020-02-13 12:53:49.411126,5603.429439193538
2020-02-14 12:53:49.411126,5613.365258560745
2020-02-15 12:53:49.411126,5623.595739922943
2020-02-16 12:53:49.411126,5634.12009558888
2020-02-17 12:53:49.411126,5644.937493610912
2020-02-18 12:53:49.411126,5656.047057910296
2020-02-19 12:53:49.411126,5667.44786840912
2020-02-20 12:53:49.411126,5679.138961168868
2020-02-21 12:53:49.411126,5691.119328535582
2020-02-22 12:53:49.411126,5703.387919291612
2020-02-23 12:53:49.411126,5715.943638813926
2020-02-24 12:53:49.411126,5728.785349238957
2020-02-25 12:53:49.411126,5741.911869633958
2020-02-26 12:53:49.411126,5755.32197617485
2020-02-27 12:53:49.411126,5769.014402330522
2020-02-28 12:53:49.411126,5782.987839053568
2020-02-29 12:53:49.411126,5797.240934977426
2020-03-01 12:53:49.411126,5811.7722966198835
2020-03-02 12:53:49.411126,5826.580488592937
2020-03-03 12:53:49.411126,5841.664033818955
2020-03-04 12:53:49.411126,5857.021413753113
2020-03-05 12:53:49.411126,5872.651068612092
2020-03-06 12:53:49.411126,5888.551397608968
2020-03-07 12:53:49.411126,5904.720759194292
2020-03-08 12:53:49.411126,5921.15747130329
2020-03-09 12:53:49.411126,5937.859811609186
2020-03-10 12:53:49.411126,5954.826017782576
2020-03-11 12:53:49.411126,5972.054287756827
2020-03-12 12:53:49.411126,5989.542779999456
2020-03-13 12:53:49.411126,6007.289613789469
2020-03-14 12:53:49.411126,6025.292869500587
2020-03-15 12:53:49.411126,6043.5505888903235
2020-03-16 12:53:49.411126,6062.060775394909
2020-03-17 12:53:49.411126,6080.821394429948
2020-03-18 12:53:49.411126,6099.830373696833
2020-03-19 12:53:49.411126,6119.08560349481
2020-03-20 12:53:49.411126,6138.5849370387095
2020-03-21 12:53:49.411126,6158.326190782232
2020-03-22 12:53:49.411126,6178.307144746787
2020-03-23 12:53:49.411126,6198.52554285581
2020-03-24 12:53:49.411126,6218.9790932745245
2020-03-25 12:53:49.411126,6239.665468755083
2020-03-26 12:53:49.411126,6260.582306987031
2020-03-27 12:53:49.411126,6281.72721095308
2020-03-28 12:53:49.411126,6303.09774929008
2020-03-29 12:53:49.411126,6324.691456655175
2020-03-30 12:53:49.411126,6346.505834097066
2020-03-31 12:53:49.411126,6368.538349432361
2020-04-01 12:53:49.411126,6390.786437626903
2020-04-02 12:53:49.411126,6413.247501182054
2020-04-03 12:53:49.411126,6435.918910525866
2020-04-04 12:53:49.411126,6458.798004409093
2020-04-05 12:53:49.411126,6481.882090305964
2020-04-06 12:53:49.411126,6505.1684448196565
2020-04-07 12:53:49.411126,6528.654314092446
2020-04-08 12:53:49.411126,6552.336914220416
2020-04-09 12:53:49.411126,6576.21343167271
2020-04-10 12:53:49.411126,6600.281023715226
2020-04-11 12:53:49.411126,6624.536818838745
2020-04-12 12:53:49.411126,6648.97791719135
2020-04-13 12:53:49.411126,6673.601391015133
2020-04-14 12:53:49.411126,6698.404285087121
2020-04-15 12:53:49.411126,6723.383617164308
2020-04-16 12:53:49.411126,6748.536378432774
2020-04-17 12:53:49.411126,6773.8595339607955
2020-04-18 12:53:49.411126,6799.3500231559065
2020-04-19 12:53:49.411126,6825.004760225804
2020-04-20 12:53:49.411126,6850.8206346430625
2020-04-21 12:53:49.411126,6876.794511613556
2020-04-22 12:53:49.411126,6902.923232548563
2020-04-23 12:53:49.411126,6929.203615540433
2020-04-24 12:53:49.411126,6955.632455841755
2020-04-25 12:53:49.411126,6982.2065263480035
2020-04-26 12:53:49.411126,7008.922578083519
2020-04-27 12:53:49.411126,7035.777340690787
2020-04-28 12:53:49.411126,7062.767522922944
2020-04-29 12:53:49.411126,7089.889813139434
2020-04-30 12:53:49.411126,7117.140879804723
2020-05-01 12:53:49.411126,7144.51737199002
2020-05-02 12:53:49.411126,7172.015919877903
2020-05-03 12:53:49.411126,7199.633135269819
2020-05-04 12:53:49.411126,7227.365612096326
2020-05-05 12:53:49.411126,7255.209926930023
2020-05-06 12:53:49.411126,7283.16263950113
2020-05-07 12:53:49.411126,7311.220293215558
2020-05-08 12:53:49.411126,7339.379415675474
2020-05-09 12:53:49.411126,7367.636519202217
2020-05-10 12:53:49.411126,7395.988101361542
2020-05-11 12:53:49.411126,7424.430645491073
2020-05-12 12:53:49.411126,7452.960621229894
2020-05-13 12:53:49.411126,7481.574485050202
2020-05-14 12:53:49.411126,7510.268680790969
2020-05-15 12:53:49.411126,7539.039640193472
2020-05-16 12:53:49.411126,7567.883783438658
2020-05-17 12:53:49.411126,7596.797519686259
2020-05-18 12:53:49.411126,7625.777247615561
2020-05-19 12:53:49.411126,7654.819355967744
2020-05-20 12:53:49.411126,7683.9202240897175
2020-05-21 12:53:49.411126,7713.076222479396
2020-05-22 12:53:49.411126,7742.283713332275
2020-05-23 12:53:49.411126,7771.539051089277
2020-05-24 12:53:49.411126,7800.838582985747
2020-05-25 12:53:49.411126,7830.178649601566
2020-05-26 12:53:49.411126,7859.555585412234
2020-05-27 12:53:49.411126,7888.965719340878
2020-05-28 12:53:49.411126,7918.405375311118
2020-05-29 12:53:49.411126,7947.870872800663
2020-05-30 12:53:49.411126,7977.358527395583
2020-05-31 12:53:49.411126,8006.864651345163
2020-06-01 12:53:49.411126,8036.385554117281
2020-06-02 12:53:49.411126,8065.917542954173
2020-06-03 12:53:49.411126,8095.45692342856
2020-06-04 12:53:49.411126,8124.999999999999
2020-06-05 12:53:49.411126,8154.543076571437
2020-06-06 12:53:49.411126,8184.082457045825
2020-06-07 12:53:49.411126,8213.614445882718
2020-06-08 12:53:49.411126,8243.135348654834
2020-06-09 12:53:49.411126,8272.641472604415
2020-06-10 12:53:49.411126,8302.129127199336
2020-06-11 12:53:49.411126,8331.59462468888
2020-06-12 12:53:49.411126,8361.03428065912
2020-06-13 12:53:49.411126,8390.444414587764
2020-06-14 12:53:49.411126,8419.821350398433
2020-06-15 12:53:49.411126,8449.161417014251
2020-06-16 12:53:49.411126,8478.46094891072
2020-06-17 12:53:49.411126,8507.716286667724
2020-06-18 12:53:49.411126,8536.923777520602
2020-06-19 12:53:49.411126,8566.07977591028
2020-06-20 12:53:49.411126,8595.180644032254
2020-06-21 12:53:49.411126,8624.222752384438
2020-06-22 12:53:49.411126,8653.20248031374
2020-06-23 12:53:49.411126,8682.11621656134
2020-06-24 12:53:49.411126,8710.960359806526
2020-06-25 12:53:49.411126,8739.73131920903
2020-06-26 12:53:49.411126,8768.425514949795
2020-06-27 12:53:49.411126,8797.039378770103
2020-06-28 12:53:49.411126,8825.569354508925
2020-06-29 12:53:49.411126,8854.011898638455
2020-06-30 12:53:49.411126,8882.363480797781
2020-07-01 12:53:49.411126,8910.620584324522
2020-07-02 12:53:49.411126,8938.77970678444
2020-07-03 12:53:49.411126,8966.837360498868
2020-07-04 12:53:49.411126,8994.790073069975
2020-07-05 12:53:49.411126,9022.634387903672
2020-07-06 12:53:49.411126,9050.366864730178
2020-07-07 12:53:49.411126,9077.984080122096
2020-07-08 12:53:49.411126,9105.482628009977
2020-07-09 12:53:49.411126,9132.859120195275
2020-07-10 12:53:49.411126,9160.110186860564
2020-07-11 12:53:49.411126,9187.232477077054
2020-07-12 12:53:49.411126,9214.222659309211
2020-07-13 12:53:49.411126,9241.077421916481
2020-07-14 12:53:49.411126,9267.793473651995
2020-07-15 12:53:49.411126,9294.367544158244
2020-07-16 12:53:49.411126,9320.796384459565
2020-07-17 12:53:49.411126,9347.076767451435
2020-07-18 12:53:49.411126,9373.205488386444
2020-07-19 12:53:49.411126,9399.179365356937
2020-07-20 12:53:49.411126,9424.995239774194
2020-07-21 12:53:49.411126,9450.649976844092
2020-07-22 12:53:49.411126,9476.140466039204
2020-07-23 12:53:49.411126,9501.463621567225
2020-07-24 12:53:49.411126,9526.616382835691
2020-07-25 12:53:49.411126,9551.595714912877
2020-07-26 12:53:49.411126,9576.398608984866
2020-07-27 12:53:49.411126,9601.02208280865
2020-07-28 12:53:49.411126,9625.463181161253
2020-07-29 12:53:49.411126,9649.718976284772
2020-07-30 12:53:49.411126,9673.78656832729
2020-07-31 12:53:49.411126,9697.663085779583
2020-08-01 12:53:49.411126,9721.345685907552
2020-08-02 12:53:49.411126,9744.831555180343
2020-08-03 12:53:49.411126,9768.117909694036
2020-08-04 12:53:49.411126,9791.201995590905
2020-08-05 12:53:49.411126,9814.081089474133
2020-08-06 12:53:49.411126,9836.752498817945
2020-08-07 12:53:49.411126,9859.213562373096
2020-08-08 12:53:49.411126,9881.461650567637
2020-08-09 12:53:49.411126,9903.494165902932
2020-08-10 12:53:49.411126,9925.308543344825
2020-08-11 12:53:49.411126,9946.902250709918
2020-08-12 12:53:49.411126,9968.272789046918
2020-08-13 12:53:49.411126,9989.417693012969
2020-08-14 12:53:49.411126,10010.334531244916
2020-08-15 12:53:49.411126,10031.020906725473
2020-08-16 12:53:49.411126,10051.474457144188
2020-08-17 12:53:49.411126,10071.692855253212
2020-08-18 12:53:49.411126,10091.673809217767
2020-08-19 12:53:49.411126,10111.415062961289
2020-08-20 12:53:49.411126,10130.914396505188
2020-08-21 12:53:49.411126,10150.169626303166
2020-08-22 12:53:49.411126,10169.17860557005
2020-08-23 12:53:49.411126,10187.93922460509
2020-08-24 12:53:49.411126,10206.449411109676
2020-08-25 12:53:49.411126,10224.707130499413
2020-08-26 12:53:49.411126,10242.71038621053
2020-08-27 12:53:49.411126,10260.457220000544
2020-08-28 12:53:49.411126,10277.945712243172
2020-08-29 12:53:49.411126,10295.173982217424
2020-08-30 12:53:49.411126,10312.140188390813
2020-08-31 12:53:49.411126,10328.84252869671
2020-09-01 12:53:49.411126,10345.279240805707
2020-09-02 12:53:49.411126,10361.44860239103
2020-09-03 12:53:49.411126,10377.348931387907
2020-09-04 12:53:49.411126,10392.978586246885
2020-09-05 12:53:49.411126,10408.335966181043
2020-09-06 12:53:49.411126,10423.41951140706
2020-09-07 12:53:49.411126,10438.227703380115
2020-09-08 12:53:49.411126,10452.759065022572
2020-09-09 12:53:49.411126,10467.012160946431
2020-09-10 12:53:49.411126,10480.985597669478
2020-09-11 12:53:49.411126,10494.678023825149
2020-09-12 12:53:49.411126,10508.08813036604
2020-09-13 12:53:49.411126,10521.214650761043
2020-09-14 12:53:49.411126,10534.056361186074
2020-09-15 12:53:49.411126,10546.612080708386
2020-09-16 12:53:49.411126,10558.880671464416
2020-09-17 12:53:49.411126,10570.861038831132
2020-09-18 12:53:49.411126,10582.552131590879
2020-09-19 12:53:49.411126,10593.952942089703
2020-09-20 12:53:49.411126,10605.062506389088
2020-09-21 12:53:49.411126,10615.87990441112
2020-09-22 12:53:49.411126,10626.404260077057
2020-09-23 12:53:49.411126,10636.634741439255
2020-09-24 12:53:49.411126,10646.57056080646
2020-09-25 12:53:49.411126,10656.210974862432
2020-09-26 12:53:49.411126,10665.555284777882
2020-09-27 12:53:49.411126,10674.602836315717
2020-09-28 12:53:49.411126,10683.353019929562
2020-09-29 12:53:49.411126,10691.805270855559
2020-09-30 12:53:49.411126,10699.959069197419
2020-10-01 12:53:49.411126,10707.813940004711
2020-10-02 12:53:49.411126,10715.369453344394
2020-10-03 12:53:49.411126,10722.625224365556
2020-10-04 12:53:49.411126,10729.58091335738
2020-10-05 12:53:49.411126,10736.236225800298
2020-10-06 12:53:49.411126,10742.590912410345
2020-10-07 12:53:49.411126,10748.644769176699
2020-10-08 12:53:49.411126,10754.397637392409
2020-10-09 12:53:49.411126,10759.849403678289
2020-10-10 12:53:49.411126,10765.0
2020-10-11 12:53:49.411126,10769.849403678289
2020-10-12 12:53:49.411126,10774.397637392409
2020-10-13 12:53:49.411126,10778.644769176699
2020-10-14 12:53:49.411126,10782.590912410345
2020-10-15 12:53:49.411126,10786.236225800298
2020-10-16 12:53:49.411126,10789.58091335738
2020-10-17 12:53:49.411126,10792.625224365556
2020-10-18 12:53:49.411126,10795.369453344394
2020-10-19 12:53:49.411126,10797.813940004711
2020-10-20 12:53:49.411126,10799.959069197419
2020-10-21 12:53:49.411126,10801.80527085556
2020-10-22 12:53:49.411126,10803.353019929562
2020-10-23 12:53:49.411126,10804.602836315717
2020-10-24 12:53:49.411126,10805.555284777882
2020-10-25 12:53:49.411126,10806.210974862433
2020-10-26 12:53:49.411126,10806.570560806462
2020-10-27 12:53:49.411126,10806.634741439255
2020-10-28 12:53:49.411126,10806.404260077057
2020-10-29 12:53:49.411126,10805.879904411122
2020-10-30 12:53:49.411126,10805.062506389088
2020-10-31 12:53:49.411126,10803.952942089705
2020-11-01 12:53:49.411126,10802.55213159088
2020-11-02 12:53:49.411126,10800.861038831132
2020-11-03 12:53:49.411126,10798.880671464418
2020-11-04 12:53:49.411126,10796.612080708388
2020-11-05 12:53:49.411126,10794.056361186074
2020-11-06 12:53:49.411126,10791.214650761043
2020-11-07 12:53:49.411126,10788.088130366043
2020-11-08 12:53:49.411126,10784.67802382515
2020-11-09 12:53:49.411126,10780.985597669478
2020-11-10 12:53:49.411126,10777.012160946433
2020-11-11 12:53:49.411126,10772.759065022574
2020-11-12 12:53:49.411126,10768.227703380117
2020-11-13 12:53:49.411126,10763.419511407063
2020-11-14 12:53:49.411126,10758.335966181045
2020-11-15 12:53:49.411126,10752.978586246887
2020-11-16 12:53:49.411126,10747.348931387907
2020-11-17 12:53:49.411126,10741.448602391032
2020-11-18 12:53:49.411126,10735.279240805707
2020-11-19 12:53:49.411126,10728.84252869671
2020-11-20 12:53:49.411126,10722.140188390815
2020-11-21 12:53:49.411126,10715.173982217424
2020-11-22 12:53:49.411126,10707.945712243174
2020-11-23 12:53:49.411126,10700.457220000544
2020-11-24 12:53:49.411126,10692.710386210532
2020-11-25 12:53:49.411126,10684.707130499413
2020-11-26 12:53:49.411126,10676.449411109676
2020-11-27 12:53:49.411126,10667.939224605092
2020-11-28 12:53:49.411126,10659.178605570052
2020-11-29 12:53:49.411126,10650.169626303166
2020-11-30 12:53:49.411126,10640.91439650519
2020-12-01 12:53:49.411126,10631.41506296129
2020-12-02 12:53:49.411126,10621.67380921777
2020-12-03 12:53:49.411126,10611.692855253212
2020-12-04 12:53:49.411126,10601.47445714419
2020-12-05 12:53:49.411126,10591.020906725476
2020-12-06 12:53:49.411126,10580.334531244918
2020-12-07 12:53:49.411126,10569.417693012969
2020-12-08 12:53:49.411126,10558.27278904692
2020-12-09 12:53:49.411126,10546.90225070992
2020-12-10 12:53:49.411126,10535.308543344825
2020-12-11 12:53:49.411126,10523.494165902935
2020-12-12 12:53:49.411126,10511.461650567639
2020-12-13 12:53:49.411126,10499.213562373097
2020-12-14 12:53:49.411126,10486.752498817947
2020-12-15 12:53:49.411126,10474.081089474135
2020-12-16 12:53:49.411126,10461.201995590909
2020-12-17 12:53:49.411126,10448.117909694036
2020-12-18 12:53:49.411126,10434.831555180344
2020-12-19 12:53:49.411126,10421.345685907556
2020-12-20 12:53:49.411126,10407.663085779584
2020-12-21 12:53:49.411126,10393.78656832729
2020-12-22 12:53:49.411126,10379.718976284774
2020-12-23 12:53:49.411126,10365.463181161256
2020-12-24 12:53:49.411126,10351.02208280865
2020-12-25 12:53:49.411126,10336.398608984868
2020-12-26 12:53:49.411126,10321.595714912879
2020-12-27 12:53:49.411126,10306.616382835693
2020-12-28 12:53:49.411126,10291.463621567225
2020-12-29 12:53:49.411126,10276.140466039205
2020-12-30 12:53:49.411126,10260.649976844095
2020-12-31 12:53:49.411126,10244.995239774196
2021-01-01 12:53:49.411126,10229.179365356938
2021-01-02 12:53:49.411126,10213.205488386444
2021-01-03 12:53:49.411126,10197.076767451437
2021-01-04 12:53:49.411126,10180.796384459569
2021-01-05 12:53:49.411126,10164.367544158245
2021-01-06 12:53:49.411126,10147.793473651996
2021-01-07 12:53:49.411126,10131.077421916481
2021-01-08 12:53:49.411126,10114.222659309213
2021-01-09 12:53:49.411126,10097.232477077056
2021-01-10 12:53:49.411126,10080.110186860566
2021-01-11 12:53:49.411126,10062.859120195277
2021-01-12 12:53:49.411126,10045.48262800998
2021-01-13 12:53:49.411126,10027.984080122096
2021-01-14 12:53:49.411126,10010.366864730182
2021-01-15 12:53:49.411126,9992.634387903676
2021-01-16 12:53:49.411126,9974.790073069977
2021-01-17 12:53:49.411126,9956.83736049887
2021-01-18 12:53:49.411126,9938.779706784442
2021-01-19 12:53:49.411126,9920.620584324526
2021-01-20 12:53:49.411126,9902.363480797783
2021-01-21 12:53:49.411126,9884.011898638459
2021-01-22 12:53:49.411126,9865.569354508927
2021-01-23 12:53:49.411126,9847.039378770107
2021-01-24 12:53:49.411126,9828.425514949799
2021-01-25 12:53:49.411126,9809.731319209031
2021-01-26 12:53:49.411126,9790.960359806528
2021-01-27 12:53:49.411126,9772.116216561342
2021-01-28 12:53:49.411126,9753.202480313741
2021-01-29 12:53:49.411126,9734.22275238444
2021-01-30 12:53:49.411126,9715.180644032256
2021-01-31 12:53:49.411126,9696.079775910282
2021-02-01 12:53:49.411126,9676.923777520604
2021-02-02 12:53:49.411126,9657.716286667726
2021-02-03 12:53:49.411126,9638.460948910724
2021-02-04 12:53:49.411126,9619.161417014253
2021-02-05 12:53:49.411126,9599.821350398433
2021-02-06 12:53:49.411126,9580.444414587766
2021-02-07 12:53:49.411126,9561.034280659122
2021-02-08 12:53:49.411126,9541.594624688882
2021-02-09 12:53:49.411126,9522.129127199338
2021-02-10 12:53:49.411126,9502.641472604417
2021-02-11 12:53:49.411126,9483.135348654836
2021-02-12 12:53:49.411126,9463.614445882718
2021-02-13 12:53:49.411126,9444.082457045828
2021-02-14 12:53:49.411126,9424.54307657144
2021-02-15 12:53:49.411126,9405.000000000002
2021-02-16 12:53:49.411126,9385.456923428563
2021-02-17 12:53:49.411126,9365.917542954176
2021-02-18 12:53:49.411126,9346.385554117283
2021-02-19 12:53:49.411126,9326.864651345166
2021-02-20 12:53:49.411126,9307.358527395585
2021-02-21 12:53:49.411126,9287.870872800664
2021-02-22 12:53:49.411126,9268.405375311122
2021-02-23 12:53:49.411126,9248.96571934088
2021-02-24 12:53:49.411126,9229.555585412236
2021-02-25 12:53:49.411126,9210.178649601568
2021-02-26 12:53:49.411126,9190.838582985749
2021-02-27 12:53:49.411126,9171.53905108928
2021-02-28 12:53:49.411126,9152.283713332277
2021-03-01 12:53:49.411126,9133.076222479398
2021-03-02 12:53:49.411126,9113.92022408972
2021-03-03 12:53:49.411126,9094.819355967746
2021-03-04 12:53:49.411126,9075.777247615562
2021-03-05 12:53:49.411126,9056.79751968626
2021-03-06 12:53:49.411126,9037.88378343866
2021-03-07 12:53:49.411126,9019.039640193474
2021-03-08 12:53:49.411126,9000.26868079097
2021-03-09 12:53:49.411126,8981.574485050205
2021-03-10 12:53:49.411126,8962.960621229897
2021-03-11 12:53:49.411126,8944.430645491078
2021-03-12 12:53:49.411126,8925.988101361545
2021-03-13 12:53:49.411126,8907.636519202215
2021-03-14 12:53:49.411126,8889.379415675478
2021-03-15 12:53:49.411126,8871.22029321556
2021-03-16 12:53:49.411126,8853.162639501135
2021-03-17 12:53:49.411126,8835.209926930025
2021-03-18 12:53:49.411126,8817.365612096324
2021-03-19 12:53:49.411126,8799.633135269825
2021-03-20 12:53:49.411126,8782.015919877906
2021-03-21 12:53:49.411126,8764.51737199002
2021-03-22 12:53:49.411126,8747.140879804729
2021-03-23 12:53:49.411126,8729.889813139436
2021-03-24 12:53:49.411126,8712.767522922943
2021-03-25 12:53:49.411126,8695.777340690789
2021-03-26 12:53:49.411126,8678.92257808352
2021-03-27 12:53:49.411126,8662.206526348009
2021-03-28 12:53:49.411126,8645.632455841756
2021-03-29 12:53:49.411126,8629.203615540431
2021-03-30 12:53:49.411126,8612.923232548568
2021-03-31 12:53:49.411126,8596.794511613558
2021-04-01 12:53:49.411126,8580.820634643062
2021-04-02 12:53:49.411126,8565.00476022581
2021-04-03 12:53:49.411126,8549.350023155908
2021-04-04 12:53:49.411126,8533.859533960795
2021-04-05 12:53:49.411126,8518.536378432776
2021-04-06 12:53:49.411126,8503.383617164309
2021-04-07 12:53:49.411126,8488.404285087126
2021-04-08 12:53:49.411126,8473.601391015134
2021-04-09 12:53:49.411126,8458.977917191349
2021-04-10 12:53:49.411126,8444.53681883875
2021-04-11 12:53:49.411126,8430.281023715228
2021-04-12 12:53:49.411126,8416.213431672708
2021-04-13 12:53:49.411126,8402.33691422042
2021-04-14 12:53:49.411126,8388.654314092448
2021-04-15 12:53:49.411126,8375.168444819656
2021-04-16 12:53:49.411126,8361.882090305966
2021-04-17 12:53:49.411126,8348.798004409095
2021-04-18 12:53:49.411126,8335.91891052587
2021-04-19 12:53:49.411126,8323.247501182055
2021-04-20 12:53:49.411126,8310.786437626904
2021-04-21 12:53:49.411126,8298.538349432365
2021-04-22 12:53:49.411126,8286.505834097066
2021-04-23 12:53:49.411126,8274.691456655173
2021-04-24 12:53:49.411126,8263.097749290084
2021-04-25 12:53:49.411126,8251.727210953082
2021-04-26 12:53:49.411126,8240.58230698703
2021-04-27 12:53:49.411126,8229.665468755084
2021-04-28 12:53:49.411126,8218.979093274527
2021-04-29 12:53:49.411126,8208.525542855814
2021-04-30 12:53:49.411126,8198.307144746788
2021-05-01 12:53:49.411126,8188.3261907822325
2021-05-02 12:53:49.411126,8178.584937038712
2021-05-03 12:53:49.411126,8169.085603494811
2021-05-04 12:53:49.411126,8159.830373696832
2021-05-05 12:53:49.411126,8150.821394429951
2021-05-06 12:53:49.411126,8142.06077539491
2021-05-07 12:53:49.411126,8133.550588890323
2021-05-08 12:53:49.411126,8125.292869500588
2021-05-09 12:53:49.411126,8117.2896137894695
2021-05-10 12:53:49.411126,8109.542779999458
2021-05-11 12:53:49.411126,8102.054287756828
2021-05-12 12:53:49.411126,8094.826017782577
2021-05-13 12:53:49.411126,8087.859811609189
2021-05-14 12:53:49.411126,8081.157471303291
2021-05-15 12:53:49.411126,8074.7207591942915
2021-05-16 12:53:49.411126,8068.5513976089715
2021-05-17 12:53:49.411126,8062.651068612093
2021-05-18 12:53:49.411126,8057.021413753113
2021-05-19 12:53:49.411126,8051.664033818956
2021-05-20 12:53:49.411126,8046.580488592939
2021-05-21 12:53:49.411126,8041.772296619886
2021-05-22 12:53:49.411126,8037.240934977428
2021-05-23 12:53:49.411126,8032.987839053569
2021-05-24 12:53:49.411126,8029.014402330524
2021-05-25 12:53:49.411126,8025.3219761748505
2021-05-26 12:53:49.411126,8021.911869633958
2021-05-27 12:53:49.411126,8018.785349238959
2021-05-28 12:53:49.411126,8015.943638813927
2021-05-29 12:53:49.411126,8013.387919291612
2021-05-30 12:53:49.411126,8011.119328535583
2021-05-31 12:53:49.411126,8009.138961168868
2021-06-01 12:53:49.411126,8007.447868409122
2021-06-02 12:53:49.411126,8006.047057910297
2021-06-03 12:53:49.411126,8004.937493610912
2021-06-04 12:53:49.411126,8004.120095588881
2021-06-05 12:53:49.411126,8003.595739922943
2021-06-06 12:53:49.411126,8003.365258560744
2021-06-07 12:53:49.411126,8003.42943919354
2021-06-08 12:53:49.411126,8003.7890251375675
2021-06-09 12:53:49.411126,8004.444715222117
2021-06-10 12:53:49.411126,8005.397163684283
2021-06-11 12:53:49.411126,8006.646980070438
2021-06-12 12:53:49.411126,8008.19472914444
2021-06-13 12:53:49.411126,8010.04093080258
2021-06-14 12:53:49.411126,8012.186059995288
2021-06-15 12:53:49.411126,8014.630546655607
2021-06-16 12:53:49.411126,8017.374775634444
2021-06-17 12:53:49.411126,8020.41908664262
2021-06-18 12:53:49.411126,8023.763774199702
2021-06-19 12:53:49.411126,8027.409087589655
2021-06-20 12:53:49.411126,8031.355230823301
2021-06-21 12:53:49.411126,8035.602362607591
2021-06-22 12:53:49.411126,8040.150596321711
2021-06-23 12:53:49.411126,8045.0
2021-06-24 12:53:49.411126,8050.150596321711
2021-06-25 12:53:49.411126,8055.602362607591
2021-06-26 12:53:49.411126,8061.355230823301
2021-06-27 12:53:49.411126,8067.409087589655
2021-06-28 12:53:49.411126,8073.763774199701
2021-06-29 12:53:49.411126,8080.41908664262
2021-06-30 12:53:49.411126,8087.374775634444
2021-07-01 12:53:49.411126,8094.630546655606
2021-07-02 12:53:49.411126,8102.186059995288
2021-07-03 12:53:49.411126,8110.04093080258
2021-07-04 12:53:49.411126,8118.19472914444
2021-07-05 12:53:49.411126,8126.646980070438
2021-07-06 12:53:49.411126,8135.397163684283
2021-07-07 12:53:49.411126,8144.444715222116
2021-07-08 12:53:49.411126,8153.789025137567
2021-07-09 12:53:49.411126,8163.429439193539
2021-07-10 12:53:49.411126,8173.365258560744
2021-07-11 12:53:49.411126,8183.595739922943
2021-07-12 12:53:49.411126,8194.12009558888
2021-07-13 12:53:49.411126,8204.93749361091
2021-07-14 12:53:49.411126,8216.047057910295
2021-07-15 12:53:49.411126,8227.447868409121
2021-07-16 12:53:49.411126,8239.138961168868
2021-07-17 12:53:49.411126,8251.119328535582
2021-07-18 12:53:49.411126,8263.38791929161
2021-07-19 12:53:49.411126,8275.943638813926
2021-07-20 12:53:49.411126,8288.785349238959
2021-07-21 12:53:49.411126,8301.911869633957
2021-07-22 12:53:49.411126,8315.32197617485
2021-07-23 12:53:49.411126,8329.014402330522
2021-07-24 12:53:49.411126,8342.987839053567
2021-07-25 12:53:49.411126,8357.240934977426
2021-07-26 12:53:49.411126,8371.772296619885
2021-07-27 12:53:49.411126,8386.580488592937
2021-07-28 12:53:49.411126,8401.664033818955
2021-07-29 12:53:49.411126,8417.021413753111
2021-07-30 12:53:49.411126,8432.651068612091
2021-07-31 12:53:49.411126,8448.55139760897
2021-08-01 12:53:49.411126,8464.72075919429
2021-08-02 12:53:49.411126,8481.15747130329
2021-08-03 12:53:49.411126,8497.859811609187
2021-08-04 12:53:49.411126,8514.826017782576
2021-08-05 12:53:49.411126,8532.054287756826
2021-08-06 12:53:49.411126,8549.542779999458
2021-08-07 12:53:49.411126,8567.289613789468
2021-08-08 12:53:49.411126,8585.292869500587
2021-08-09 12:53:49.411126,8603.55058889032
2021-08-10 12:53:49.411126,8622.060775394908
2021-08-11 12:53:49.411126,8640.82139442995
2021-08-12 12:53:49.411126,8659.83037369683
2021-08-13 12:53:49.411126,8679.08560349481
2021-08-14 12:53:49.411126,8698.584937038711
2021-08-15 12:53:49.411126,8718.32619078223
2021-08-16 12:53:49.411126,8738.307144746786
2021-08-17 12:53:49.411126,8758.525542855812
2021-08-18 12:53:49.411126,8778.979093274524
2021-08-19 12:53:49.411126,8799.665468755082
2021-08-20 12:53:49.411126,8820.582306987028
2021-08-21 12:53:49.411126,8841.72721095308
2021-08-22 12:53:49.411126,8863.097749290082
2021-08-23 12:53:49.411126,8884.691456655171
2021-08-24 12:53:49.411126,8906.505834097065
2021-08-25 12:53:49.411126,8928.538349432363
2021-08-26 12:53:49.411126,8950.786437626903
2021-08-27 12:53:49.411126,8973.247501182053
2021-08-28 12:53:49.411126,8995.918910525867
2021-08-29 12:53:49.411126,9018.798004409091
2021-08-30 12:53:49.411126,9041.882090305964
2021-08-31 12:53:49.411126,9065.168444819654
2021-09-01 12:53:49.411126,9088.654314092444
2021-09-02 12:53:49.411126,9112.336914220417
2021-09-03 12:53:49.411126,9136.213431672706
2021-09-04 12:53:49.411126,9160.281023715226
2021-09-05 12:53:49.411126,9184.536818838747
2021-09-06 12:53:49.411126,9208.977917191347
2021-09-07 12:53:49.411126,9233.601391015132
2021-09-08 12:53:49.411126,9258.404285087123
2021-09-09 12:53:49.411126,9283.383617164307
2021-09-10 12:53:49.411126,9308.536378432773
2021-09-11 12:53:49.411126,9333.859533960791
2021-09-12 12:53:49.411126,9359.350023155905
2021-09-13 12:53:49.411126,9385.004760225806
2021-09-14 12:53:49.411126,9410.82063464306
2021-09-15 12:53:49.411126,9436.794511613556
2021-09-16 12:53:49.411126,9462.923232548566
2021-09-17 12:53:49.411126,9489.20361554043
2021-09-18 12:53:49.411126,9515.632455841755
2021-09-19 12:53:49.411126,9542.206526348007
2021-09-20 12:53:49.411126,9568.922578083519
2021-09-21 12:53:49.411126,9595.777340690787
2021-09-22 12:53:49.411126,9622.76752292294
2021-09-23 12:53:49.411126,9649.889813139434
2021-09-24 12:53:49.411126,9677.140879804727
2021-09-25 12:53:49.411126,9704.517371990016
2021-09-26 12:53:49.411126,9732.015919877902
2021-09-27 12:53:49.411126,9759.633135269822
2021-09-28 12:53:49.411126,9787.365612096322
2021-09-29 12:53:49.411126,9815.209926930023
2021-09-30 12:53:49.411126,9843.162639501134
2021-10-01 12:53:49.411126,9871.220293215558
2021-10-02 12:53:49.411126,9899.379415675474
2021-10-03 12:53:49.411126,9927.636519202213
2021-10-04 12:53:49.411126,9955.988101361541
2021-10-05 12:53:49.411126,9984.430645491077
2021-10-06 12:53:49.411126,10012.96062122989
2021-10-07 12:53:49.411126,10041.574485050201
2021-10-08 12:53:49.411126,10070.268680790972
2021-10-09 12:53:49.411126,10099.039640193469
2021-10-10 12:53:49.411126,10127.883783438658
2021-10-11 12:53:49.411126,10156.797519686263
2021-10-12 12:53:49.411126,10185.77724761556
2021-10-13 12:53:49.411126,10214.819355967744
2021-10-14 12:53:49.411126,10243.920224089714
2021-10-15 12:53:49.411126,10273.076222479396
2021-10-16 12:53:49.411126,10302.283713332277
2021-10-17 12:53:49.411126,10331.539051089272
2021-10-18 12:53:49.411126,10360.838582985747
2021-10-19 12:53:49.411126,10390.178649601568
2021-10-20 12:53:49.411126,10419.55558541223
2021-10-21 12:53:49.411126,10448.965719340878
2021-10-22 12:53:49.411126,10478.405375311122
2021-10-23 12:53:49.411126,10507.870872800662
2021-10-24 12:53:49.411126,10537.358527395583
2021-10-25 12:53:49.411126,10566.86465134516
2021-10-26 12:53:49.411126,10596.38555411728
2021-10-27 12:53:49.411126,10625.917542954176
2021-10-28 12:53:49.411126,10655.456923428555
2021-10-29 12:53:49.411126,10684.999999999998
2021-10-30 12:53:49.411126,10714.54307657144
2021-10-31 12:53:49.411126,10744.08245704582
2021-11-01 12:53:49.411126,10773.614445882717
2021-11-02 12:53:49.411126,10803.135348654838
2021-11-03 12:53:49.411126,10832.641472604415
2021-11-04 12:53:49.411126,10862.129127199334
2021-11-05 12:53:49.411126,10891.594624688874
2021-11-06 12:53:49.411126,10921.034280659118
2021-11-07 12:53:49.411126,10950.444414587766
2021-11-08 12:53:49.411126,10979.821350398428
2021-11-09 12:53:49.411126,11009.161417014251
2021-11-10 12:53:49.411126,11038.460948910724
2021-11-11 12:53:49.411126,11067.716286667719
2021-11-12 12:53:49.411126,11096.923777520602
2021-11-13 12:53:49.411126,11126.079775910282
2021-11-14 12:53:49.411126,11155.180644032254
2021-11-15 12:53:49.411126,11184.222752384438
2021-11-16 12:53:49.411126,11213.202480313736
2021-11-17 12:53:49.411126,11242.11621656134
2021-11-18 12:53:49.411126,11270.960359806528
2021-11-19 12:53:49.411126,11299.731319209026
2021-11-20 12:53:49.411126,11328.425514949795
2021-11-21 12:53:49.411126,11357.039378770107
2021-11-22 12:53:49.411126,11385.569354508922
2021-11-23 12:53:49.411126,11414.011898638455
2021-11-24 12:53:49.411126,11442.363480797785
2021-11-25 12:53:49.411126,11470.620584324522
2021-11-26 12:53:49.411126,11498.77970678444
2021-11-27 12:53:49.411126,11526.837360498865
2021-11-28 12:53:49.411126,11554.790073069975
2021-11-29 12:53:49.411126,11582.634387903676
2021-11-30 12:53:49.411126,11610.366864730175
2021-12-01 12:53:49.411126,11637.984080122094
2021-12-02 12:53:49.411126,11665.48262800998
2021-12-03 12:53:49.411126,11692.859120195271
2021-12-04 12:53:49.411126,11720.110186860564
2021-12-05 12:53:49.411126,11747.232477077057
2021-12-06 12:53:49.411126,11774.222659309211
2021-12-07 12:53:49.411126,11801.07742191648
2021-12-08 12:53:49.411126,11827.793473651991
2021-12-09 12:53:49.411126,11854.367544158244
2021-12-10 12:53:49.411126,11880.796384459569
2021-12-11 12:53:49.411126,11907.076767451432
2021-12-12 12:53:49.411126,11933.205488386442
2021-12-13 12:53:49.411126,11959.179365356938
2021-12-14 12:53:49.411126,11984.99523977419
2021-12-15 12:53:49.411126,12010.649976844092
2021-12-16 12:53:49.411126,12036.140466039205
2021-12-17 12:53:49.411126,12061.463621567224
2021-12-18 12:53:49.411126,12086.616382835691
2021-12-19 12:53:49.411126,12111.595714912874
2021-12-20 12:53:49.411126,12136.398608984866
2021-12-21 12:53:49.411126,12161.022082808651
2021-12-22 12:53:49.411126,12185.46318116125
2021-12-23 12:53:49.411126,12209.71897628477
2021-12-24 12:53:49.411126,12233.786568327292
2021-12-25 12:53:49.411126,12257.663085779579
2021-12-26 12:53:49.411126,12281.345685907552
2021-12-27 12:53:49.411126,12304.831555180344
2021-12-28 12:53:49.411126,12328.117909694034
2021-12-29 12:53:49.411126,12351.201995590905
2021-12-30 12:53:49.411126,12374.08108947413
2021-12-31 12:53:49.411126,12396.752498817943
2022-01-01 12:53:49.411126,12419.213562373096
2022-01-02 12:53:49.411126,12441.461650567635
2022-01-03 12:53:49.411126,12463.494165902932
2022-01-04 12:53:49.411126,12485.308543344827
2022-01-05 12:53:49.411126,12506.902250709916
2022-01-06 12:53:49.411126,12528.272789046918
2022-01-07 12:53:49.411126,12549.417693012969
2022-01-08 12:53:49.411126,12570.334531244916
2022-01-09 12:53:49.411126,12591.020906725473
2022-01-10 12:53:49.411126,12611.474457144186
2022-01-11 12:53:49.411126,12631.692855253212
2022-01-12 12:53:49.411126,12651.673809217767
2022-01-13 12:53:49.411126,12671.415062961287
2022-01-14 12:53:49.411126,12690.914396505188
2022-01-15 12:53:49.411126,12710.169626303168
2022-01-16 12:53:49.411126,12729.178605570049
2022-01-17 12:53:49.411126,12747.93922460509
2022-01-18 12:53:49.411126,12766.449411109677
2022-01-19 12:53:49.411126,12784.707130499413
2022-01-20 12:53:49.411126,12802.71038621053
2022-01-21 12:53:49.411126,12820.457220000542
2022-01-22 12:53:49.411126,12837.945712243172
2022-01-23 12:53:49.411126,12855.173982217424
2022-01-24 12:53:49.411126,12872.140188390811
2022-01-25 12:53:49.411126,12888.84252869671
2022-01-26 12:53:49.411126,12905.279240805708
2022-01-27 12:53:49.411126,12921.448602391029
2022-01-28 12:53:49.411126,12937.348931387907
2022-01-29 12:53:49.411126,12952.978586246887
2022-01-30 12:53:49.411126,12968.335966181043
2022-01-31 12:53:49.411126,12983.41951140706
2022-02-01 12:53:49.411126,12998.227703380115
2022-02-02 12:53:49.411126,13012.759065022572
2022-02-03 12:53:49.411126,13027.012160946431
2022-02-04 12:53:49.411126,13040.985597669476
2022-02-05 12:53:49.411126,13054.678023825149
2022-02-06 12:53:49.411126,13068.088130366043
2022-02-07 12:53:49.411126,13081.214650761041
2022-02-08 12:53:49.411126,13094.056361186073
2022-02-09 12:53:49.411126,13106.612080708388
2022-02-10 12:53:49.411126,13118.880671464416
2022-02-11 12:53:49.411126,13130.861038831132
2022-02-12 12:53:49.411126,13142.552131590877
2022-02-13 12:53:49.411126,13153.952942089703
2022-02-14 12:53:49.411126,13165.062506389088
2022-02-15 12:53:49.411126,13175.879904411118
2022-02-16 12:53:49.411126,13186.404260077057
2022-02-17 12:53:49.411126,13196.634741439255
2022-02-18 12:53:49.411126,13206.57056080646
2022-02-19 12:53:49.411126,13216.210974862432
2022-02-20 12:53:49.411126,13225.555284777882
2022-02-21 12:53:49.411126,13234.602836315717
2022-02-22 12:53:49.411126,13243.353019929562
2022-02-23 12:53:49.411126,13251.805270855559
2022-02-24 12:53:49.411126,13259.959069197419
2022-02-25 12:53:49.411126,13267.813940004711
2022-02-26 12:53:49.411126,13275.369453344392
2022-02-27 12:53:49.411126,13282.625224365556
2022-02-28 12:53:49.411126,13289.58091335738
2022-03-01 12:53:49.411126,13296.236225800298
2022-03-02 12:53:49.411126,13302.590912410345
2022-03-03 12:53:49.411126,13308.644769176699
2022-03-04 12:53:49.411126,13314.397637392409
2022-03-05 12:53:49.411126,13319.849403678289
2022-03-06 12:53:49.411126,13325.0
2022-03-07 12:53:49.411126,13329.849403678289
2022-03-08 12:53:49.411126,13334.397637392409
2022-03-09 12:53:49.411126,13338.644769176699
2022-03-10 12:53:49.411126,13342.590912410345
2022-03-11 12:53:49.411126,13346.236225800298
2022-03-12 12:53:49.411126,13349.58091335738
2022-03-13 12:53:49.411126,13352.625224365556
2022-03-14 12:53:49.411126,13355.369453344394
2022-03-15 12:53:49.411126,13357.813940004711
2022-03-16 12:53:49.411126,13359.959069197419
2022-03-17 12:53:49.411126,13361.805270855559
2022-03-18 12:53:49.411126,13363.353019929562
2022-03-19 12:53:49.411126,13364.602836315717
2022-03-20 12:53:49.411126,13365.555284777884
2022-03-21 12:53:49.411126,13366.210974862433
2022-03-22 12:53:49.411126,13366.57056080646
2022-03-23 12:53:49.411126,13366.634741439255
2022-03-24 12:53:49.411126,13366.404260077057
2022-03-25 12:53:49.411126,13365.87990441112
2022-03-26 12:53:49.411126,13365.06250638909
2022-03-27 12:53:49.411126,13363.952942089705
2022-03-28 12:53:49.411126,13362.552131590879
2022-03-29 12:53:49.411126,13360.861038831132
2022-03-30 12:53:49.411126,13358.880671464418
2022-03-31 12:53:49.411126,13356.61208070839
2022-04-01 12:53:49.411126,13354.056361186074
2022-04-02 12:53:49.411126,13351.214650761041
2022-04-03 12:53:49.411126,13348.088130366043
2022-04-04 12:53:49.411126,13344.67802382515
2022-04-05 12:53:49.411126,13340.985597669478
2022-04-06 12:53:49.411126,13337.012160946433
2022-04-07 12:53:49.411126,13332.759065022574
2022-04-08 12:53:49.411126,13328.227703380115
2022-04-09 12:53:49.411126,13323.419511407063
2022-04-10 12:53:49.411126,13318.335966181045
2022-04-11 12:53:49.411126,13312.978586246889
2022-04-12 12:53:49.411126,13307.348931387909
2022-04-13 12:53:49.411126,13301.44860239103
2022-04-14 12:53:49.411126,13295.27924080571
2022-04-15 12:53:49.411126,13288.84252869671
2022-04-16 12:53:49.411126,13282.140188390813
2022-04-17 12:53:49.411126,13275.173982217424
2022-04-18 12:53:49.411126,13267.945712243174
2022-04-19 12:53:49.411126,13260.457220000542
2022-04-20 12:53:49.411126,13252.710386210532
2022-04-21 12:53:49.411126,13244.707130499413
2022-04-22 12:53:49.411126,13236.44941110968
2022-04-23 12:53:49.411126,13227.939224605092
2022-04-24 12:53:49.411126,13219.17860557005
2022-04-25 12:53:49.411126,13210.16962630317
2022-04-26 12:53:49.411126,13200.91439650519
2022-04-27 12:53:49.411126,13191.415062961289
2022-04-28 12:53:49.411126,13181.67380921777
2022-04-29 12:53:49.411126,13171.692855253214
2022-04-30 12:53:49.411126,13161.474457144188
2022-05-01 12:53:49.411126,13151.020906725476
2022-05-02 12:53:49.411126,13140.334531244918
2022-05-03 12:53:49.411126,13129.417693012972
2022-05-04 12:53:49.411126,13118.27278904692
2022-05-05 12:53:49.411126,13106.902250709918
2022-05-06 12:53:49.411126,13095.308543344829
2022-05-07 12:53:49.411126,13083.494165902935
2022-05-08 12:53:49.411126,13071.461650567637
2022-05-09 12:53:49.411126,13059.213562373097
2022-05-10 12:53:49.411126,13046.752498817947
2022-05-11 12:53:49.411126,13034.081089474133
2022-05-12 12:53:49.411126,13021.201995590909
2022-05-13 12:53:49.411126,13008.117909694036
2022-05-14 12:53:49.411126,12994.831555180346
2022-05-15 12:53:49.411126,12981.345685907556
2022-05-16 12:53:49.411126,12967.663085779583
2022-05-17 12:53:49.411126,12953.786568327294
2022-05-18 12:53:49.411126,12939.718976284774
2022-05-19 12:53:49.411126,12925.463181161253
2022-05-20 12:53:49.411126,12911.022082808653
2022-05-21 12:53:49.411126,12896.398608984868
2022-05-22 12:53:49.411126,12881.595714912877
2022-05-23 12:53:49.411126,12866.616382835693
2022-05-24 12:53:49.411126,12851.463621567227
2022-05-25 12:53:49.411126,12836.140466039209
2022-05-26 12:53:49.411126,12820.649976844095
2022-05-27 12:53:49.411126,12804.995239774194
2022-05-28 12:53:49.411126,12789.17936535694
2022-05-29 12:53:49.411126,12773.205488386444
2022-05-30 12:53:49.411126,12757.076767451435
2022-05-31 12:53:49.411126,12740.79638445957
2022-06-01 12:53:49.411126,12724.367544158245
2022-06-02 12:53:49.411126,12707.793473651993
2022-06-03 12:53:49.411126,12691.077421916481
2022-06-04 12:53:49.411126,12674.222659309213
2022-06-05 12:53:49.411126,12657.23247707706
2022-06-06 12:53:49.411126,12640.110186860566
2022-06-07 12:53:49.411126,12622.859120195273
2022-06-08 12:53:49.411126,12605.482628009984
2022-06-09 12:53:49.411126,12587.984080122098
2022-06-10 12:53:49.411126,12570.366864730178
2022-06-11 12:53:49.411126,12552.63438790368
2022-06-12 12:53:49.411126,12534.790073069977
2022-06-13 12:53:49.411126,12516.837360498866
2022-06-14 12:53:49.411126,12498.779706784442
2022-06-15 12:53:49.411126,12480.620584324526
2022-06-16 12:53:49.411126,12462.363480797787
2022-06-17 12:53:49.411126,12444.011898638459
2022-06-18 12:53:49.411126,12425.569354508923
2022-06-19 12:53:49.411126,12407.03937877011
2022-06-20 12:53:49.411126,12388.425514949799
2022-06-21 12:53:49.411126,12369.731319209028
2022-06-22 12:53:49.411126,12350.960359806531
2022-06-23 12:53:49.411126,12332.116216561342
2022-06-24 12:53:49.411126,12313.202480313737
2022-06-25 12:53:49.411126,12294.22275238444
2022-06-26 12:53:49.411126,12275.180644032258
2022-06-27 12:53:49.411126,12256.079775910286
2022-06-28 12:53:49.411126,12236.923777520606
2022-06-29 12:53:49.411126,12217.716286667723
2022-06-30 12:53:49.411126,12198.460948910728
2022-07-01 12:53:49.411126,12179.161417014253
2022-07-02 12:53:49.411126,12159.821350398432
2022-07-03 12:53:49.411126,12140.44441458777
2022-07-04 12:53:49.411126,12121.034280659122
2022-07-05 12:53:49.411126,12101.594624688878
2022-07-06 12:53:49.411126,12082.129127199338
2022-07-07 12:53:49.411126,12062.641472604417
2022-07-08 12:53:49.411126,12043.135348654841
2022-07-09 12:53:49.411126,12023.61444588272
2022-07-10 12:53:49.411126,12004.082457045824
2022-07-11 12:53:49.411126,11984.543076571445
2022-07-12 12:53:49.411126,11965.000000000002
2022-07-13 12:53:49.411126,11945.45692342856
2022-07-14 12:53:49.411126,11925.91754295418
2022-07-15 12:53:49.411126,11906.385554117283
2022-07-16 12:53:49.411126,11886.864651345162
2022-07-17 12:53:49.411126,11867.358527395587
2022-07-18 12:53:49.411126,11847.870872800666
2022-07-19 12:53:49.411126,11828.405375311126
2022-07-20 12:53:49.411126,11808.965719340882
2022-07-21 12:53:49.411126,11789.555585412234
2022-07-22 12:53:49.411126,11770.178649601572
2022-07-23 12:53:49.411126,11750.838582985749
2022-07-24 12:53:49.411126,11731.539051089276
2022-07-25 12:53:49.411126,11712.283713332281
2022-07-26 12:53:49.411126,11693.076222479398
2022-07-27 12:53:49.411126,11673.920224089718
2022-07-28 12:53:49.411126,11654.819355967746
2022-07-29 12:53:49.411126,11635.777247615562
2022-07-30 12:53:49.411126,11616.797519686264
2022-07-31 12:53:49.411126,11597.88378343866
2022-08-01 12:53:49.411126,11579.039640193472
2022-08-02 12:53:49.411126,11560.268680790974
2022-08-03 12:53:49.411126,11541.574485050205
2022-08-04 12:53:49.411126,11522.960621229893
2022-08-05 12:53:49.411126,11504.430645491078
2022-08-06 12:53:49.411126,11485.988101361545
2022-08-07 12:53:49.411126,11467.636519202217
2022-08-08 12:53:49.411126,11449.379415675478
2022-08-09 12:53:49.411126,11431.22029321556
2022-08-10 12:53:49.411126,11413.162639501135
2022-08-11 12:53:49.411126,11395.209926930027
2022-08-12 12:53:49.411126,11377.365612096324
2022-08-13 12:53:49.411126,11359.633135269825
2022-08-14 12:53:49.411126,11342.015919877906
2022-08-15 12:53:49.411126,11324.51737199002
2022-08-16 12:53:49.411126,11307.140879804729
2022-08-17 12:53:49.411126,11289.889813139436
2022-08-18 12:53:49.411126,11272.767522922943
2022-08-19 12:53:49.411126,11255.777340690789
2022-08-20 12:53:49.411126,11238.92257808352
2022-08-21 12:53:49.411126,11222.206526348009
2022-08-22 12:53:49.411126,11205.632455841756
2022-08-23 12:53:49.411126,11189.203615540431
2022-08-24 12:53:49.411126,11172.923232548568
2022-08-25 12:53:49.411126,11156.794511613558
2022-08-26 12:53:49.411126,11140.820634643062
2022-08-27 12:53:49.411126,11125.00476022581
2022-08-28 12:53:49.411126,11109.350023155908
2022-08-29 12:53:49.411126,11093.859533960795
2022-08-30 12:53:49.411126,11078.536378432776
2022-08-31 12:53:49.411126,11063.38361716431
2022-09-01 12:53:49.411126,11048.404285087126
2022-09-02 12:53:49.411126,11033.601391015136
2022-09-03 12:53:49.411126,11018.977917191349
2022-09-04 12:53:49.411126,11004.53681883875
2022-09-05 12:53:49.411126,10990.28102371523
2022-09-06 12:53:49.411126,10976.213431672708
2022-09-07 12:53:49.411126,10962.336914220421
2022-09-08 12:53:49.411126,10948.654314092448
2022-09-09 12:53:49.411126,10935.168444819656
2022-09-10 12:53:49.411126,10921.882090305966
2022-09-11 12:53:49.411126,10908.798004409095
2022-09-12 12:53:49.411126,10895.91891052587
2022-09-13 12:53:49.411126,10883.247501182057
2022-09-14 12:53:49.411126,10870.786437626904
2022-09-15 12:53:49.411126,10858.538349432365
2022-09-16 12:53:49.411126,10846.505834097068
2022-09-17 12:53:49.411126,10834.691456655173
2022-09-18 12:53:49.411126,10823.097749290084
2022-09-19 12:53:49.411126,10811.727210953082
2022-09-20 12:53:49.411126,10800.58230698703
2022-09-21 12:53:49.411126,10789.665468755084
2022-09-22 12:53:49.411126,10778.979093274527
2022-09-23 12:53:49.411126,10768.525542855814
2022-09-24 12:53:49.411126,10758.307144746788
2022-09-25 12:53:49.411126,10748.326190782233
2022-09-26 12:53:49.411126,10738.584937038713
2022-09-27 12:53:49.411126,10729.085603494812
2022-09-28 12:53:49.411126,10719.830373696832
2022-09-29 12:53:49.411126,10710.821394429951
2022-09-30 12:53:49.411126,10702.06077539491
2022-10-01 12:53:49.411126,10693.550588890323
2022-10-02 12:53:49.411126,10685.292869500587
2022-10-03 12:53:49.411126,10677.28961378947
2022-10-04 12:53:49.411126,10669.542779999458
2022-10-05 12:53:49.411126,10662.054287756828
2022-10-06 12:53:49.411126,10654.826017782578
2022-10-07 12:53:49.411126,10647.859811609189
2022-10-08 12:53:49.411126,10641.157471303291
2022-10-09 12:53:49.411126,10634.720759194292
2022-10-10 12:53:49.411126,10628.551397608971
2022-10-11 12:53:49.411126,10622.651068612093
2022-10-12 12:53:49.411126,10617.021413753113
2022-10-13 12:53:49.411126,10611.664033818957
2022-10-14 12:53:49.411126,10606.58048859294
2022-10-15 12:53:49.411126,10601.772296619887
2022-10-16 12:53:49.411126,10597.240934977428
2022-10-17 12:53:49.411126,10592.987839053569
2022-10-18 12:53:49.411126,10589.014402330524
2022-10-19 12:53:49.411126,10585.321976174851
2022-10-20 12:53:49.411126,10581.911869633957
2022-10-21 12:53:49.411126,10578.785349238959
2022-10-22 12:53:49.411126,10575.943638813927
2022-10-23 12:53:49.411126,10573.387919291612
2022-10-24 12:53:49.411126,10571.119328535584
2022-10-25 12:53:49.411126,10569.138961168868
2022-10-26 12:53:49.411126,10567.447868409121
2022-10-27 12:53:49.411126,10566.047057910297
2022-10-28 12:53:49.411126,10564.937493610912
2022-10-29 12:53:49.411126,10564.120095588882
2022-10-30 12:53:49.411126,10563.595739922943
2022-10-31 12:53:49.411126,10563.365258560745
2022-11-01 12:53:49.411126,10563.42943919354
2022-11-02 12:53:49.411126,10563.789025137568
2022-11-03 12:53:49.411126,10564.444715222118
2022-11-04 12:53:49.411126,10565.397163684283
2022-11-05 12:53:49.411126,10566.646980070438
2022-11-06 12:53:49.411126,10568.194729144441
2022-11-07 12:53:49.411126,10570.040930802581
2022-11-08 12:53:49.411126,10572.186059995289
2022-11-09 12:53:49.411126,10574.630546655606
2022-11-10 12:53:49.411126,10577.374775634444
2022-11-11 12:53:49.411126,10580.41908664262
2022-11-12 12:53:49.411126,10583.763774199702
2022-11-13 12:53:49.411126,10587.409087589655
2022-11-14 12:53:49.411126,10591.355230823301
2022-11-15 12:53:49.411126,10595.602362607591
2022-11-16 12:53:49.411126,10600.150596321711
2022-11-17 12:53:49.411126,10605.0
2022-11-18 12:53:49.411126,10610.150596321711
2022-11-19 12:53:49.411126,10615.602362607591
2022-11-20 12:53:49.411126,10621.355230823301
2022-11-21 12:53:49.411126,10627.409087589655
2022-11-22 12:53:49.411126,10633.763774199702
2022-11-23 12:53:49.411126,10640.41908664262
2022-11-24 12:53:49.411126,10647.374775634444
2022-11-25 12:53:49.411126,10654.630546655606
2022-11-26 12:53:49.411126,10662.186059995287
2022-11-27 12:53:49.411126,10670.04093080258
2022-11-28 12:53:49.411126,10678.194729144441
2022-11-29 12:53:49.411126,10686.646980070438
2022-11-30 12:53:49.411126,10695.397163684283
2022-12-01 12:53:49.411126,10704.444715222116
2022-12-02 12:53:49.411126,10713.789025137567
2022-12-03 12:53:49.411126,10723.42943919354
2022-12-04 12:53:49.411126,10733.365258560743
2022-12-05 12:53:49.411126,10743.595739922943
2022-12-06 12:53:49.411126,10754.12009558888
2022-12-07 12:53:49.411126,10764.93749361091
2022-12-08 12:53:49.411126,10776.047057910295
2022-12-09 12:53:49.411126,10787.447868409121
2022-12-10 12:53:49.411126,10799.138961168868
2022-12-11 12:53:49.411126,10811.119328535582
2022-12-12 12:53:49.411126,10823.38791929161
2022-12-13 12:53:49.411126,10835.943638813926
2022-12-14 12:53:49.411126,10848.785349238957
2022-12-15 12:53:49.411126,10861.911869633957
2022-12-16 12:53:49.411126,10875.32197617485
2022-12-17 12:53:49.411126,10889.014402330522
2022-12-18 12:53:49.411126,10902.987839053567
2022-12-19 12:53:49.411126,10917.240934977426
2022-12-20 12:53:49.411126,10931.772296619885
2022-12-21 12:53:49.411126,10946.580488592937
2022-12-22 12:53:49.411126,10961.664033818955
2022-12-23 12:53:49.411126,10977.021413753111
2022-12-24 12:53:49.411126,10992.651068612091
2022-12-25 12:53:49.411126,11008.55139760897
2022-12-26 12:53:49.411126,11024.72075919429
2022-12-27 12:53:49.411126,11041.15747130329
2022-12-28 12:53:49.411126,11057.859811609187
2022-12-29 12:53:49.411126,11074.826017782576
2022-12-30 12:53:49.411126,11092.054287756826
2022-12-31 12:53:49.411126,11109.542779999456
2023-01-01 12:53:49.411126,11127.289613789468
2023-01-02 12:53:49.411126,11145.292869500587
2023-01-03 12:53:49.411126,11163.55058889032
2023-01-04 12:53:49.411126,11182.060775394908
2023-01-05 12:53:49.411126,11200.82139442995
2023-01-06 12:53:49.411126,11219.83037369683
2023-01-07 12:53:49.411126,11239.08560349481
2023-01-08 12:53:49.411126,11258.584937038711
2023-01-09 12:53:49.411126,11278.32619078223
2023-01-10 12:53:49.411126,11298.307144746786
2023-01-11 12:53:49.411126,11318.525542855812
2023-01-12 12:53:49.411126,11338.979093274524
2023-01-13 12:53:49.411126,11359.665468755082
2023-01-14 12:53:49.411126,11380.582306987028
2023-01-15 12:53:49.411126,11401.72721095308
2023-01-16 12:53:49.411126,11423.097749290082
2023-01-17 12:53:49.411126,11444.691456655171
2023-01-18 12:53:49.411126,11466.505834097065
2023-01-19 12:53:49.411126,11488.538349432363
2023-01-20 12:53:49.411126,11510.786437626903
2023-01-21 12:53:49.411126,11533.247501182053
2023-01-22 12:53:49.411126,11555.918910525867
2023-01-23 12:53:49.411126,11578.798004409091
2023-01-24 12:53:49.411126,11601.882090305962
2023-01-25 12:53:49.411126,11625.168444819652
2023-01-26 12:53:49.411126,11648.654314092444
2023-01-27 12:53:49.411126,11672.336914220417
2023-01-28 12:53:49.411126,11696.213431672706
2023-01-29 12:53:49.411126,11720.281023715226
2023-01-30 12:53:49.411126,11744.536818838747
2023-01-31 12:53:49.411126,11768.977917191347
2023-02-01 12:53:49.411126,11793.601391015132
2023-02-02 12:53:49.411126,11818.404285087123
2023-02-03 12:53:49.411126,11843.383617164307
2023-02-04 12:53:49.411126,11868.536378432773
